Organization,Followed On
Huawei Singapore,Thu Mar 23 10:45:04 UTC 2023
Anson McCade,Sat Mar 18 14:45:55 UTC 2023
PDI Technologies,Tue Mar 14 02:45:59 UTC 2023
UOB,Mon Mar 13 14:58:33 UTC 2023
OCBC Bank,Mon Mar 13 14:58:32 UTC 2023
Grant Thornton Singapore,Mon Mar 13 14:58:30 UTC 2023
KPMG Malaysia,Mon Mar 13 14:58:22 UTC 2023
KPMG Singapore,Mon Mar 13 10:22:26 UTC 2023
PwC Singapore,Mon Mar 13 10:19:37 UTC 2023
Zed Cloud Education,Thu Mar 09 08:41:43 UTC 2023
Qatar Airways,Mon Feb 27 03:38:01 UTC 2023
TensorFlow,Sun Feb 12 14:48:50 UTC 2023
Google AI Community,Sun Feb 12 14:48:46 UTC 2023
OpenAI,Sun Feb 12 14:48:42 UTC 2023
Ernst & Young Global Consulting Services,Wed Feb 08 14:24:48 UTC 2023
Eagle in Cloud,Sat Feb 04 11:31:23 UTC 2023
Carelon Global Solutions,Thu Feb 02 04:43:51 UTC 2023
Invictus Data,Fri Jan 27 21:25:00 UTC 2023
LearnSQL.com,Fri Jan 20 03:58:00 UTC 2023
Python Developer,Fri Jan 20 03:52:47 UTC 2023
Data Visualization Society,Fri Jan 20 03:38:14 UTC 2023
Mphasis,Fri Jan 20 03:38:12 UTC 2023
MLflow,Wed Jan 18 13:56:46 UTC 2023
Barrington James,Wed Jan 11 06:29:58 UTC 2023
KPMG,Sun Dec 18 04:20:21 UTC 2022
Barclays,Sun Dec 18 04:20:17 UTC 2022
HTC Global Services,Tue Dec 06 11:16:07 UTC 2022
Mercedes-Benz Research and Development India,Sun Dec 04 23:18:14 UTC 2022
Impetus,Sun Dec 04 23:18:12 UTC 2022
AAX Singapore Pte Ltd,Sun Nov 27 15:42:47 UTC 2022
ST Engineering,Fri Nov 25 15:26:49 UTC 2022
Ninja Van,Fri Nov 25 02:35:01 UTC 2022
Data Engineering Social Club,Thu Nov 24 05:28:28 UTC 2022
Sciente International P/L,Thu Nov 24 03:21:00 UTC 2022
"Bank of Singapore, Asia's Global Private Bank",Wed Nov 23 14:23:54 UTC 2022
AWS Training & Certification,Thu Nov 17 14:12:38 UTC 2022
Basil Technologies,Thu Sep 29 14:15:34 UTC 2022
Xoriant,Wed Sep 21 13:35:28 UTC 2022
Aays Analytics,Wed Sep 21 13:35:27 UTC 2022
Hewlett Packard Enterprise,Wed Sep 21 13:35:26 UTC 2022
Societe Generale Global Solution Centre,Wed Sep 21 13:35:23 UTC 2022
Mastercard,Wed Sep 21 13:35:22 UTC 2022
Randstad Singapore,Mon Sep 19 14:22:21 UTC 2022
AWS Databases & Analytics,Sun Sep 04 08:18:09 UTC 2022
DBS Engineering Network,Thu Aug 11 11:44:58 UTC 2022
Delta Lake,Sat Jul 23 05:11:33 UTC 2022
Blockchain Company,Sat Jul 23 05:11:30 UTC 2022
GovTech Singapore,Mon May 30 07:11:33 UTC 2022
Singtel,Mon May 30 07:11:32 UTC 2022
Accenture UK & Ireland,Thu May 19 09:57:51 UTC 2022
Novedades BI,Mon May 16 22:25:41 UTC 2022
dbt Labs,Wed May 11 12:28:15 UTC 2022
VSquare Systems Pvt. Ltd.,Sun May 08 08:16:47 UTC 2022
codebasics,Sat May 07 01:01:52 UTC 2022
Machine Learning Reply,Mon May 02 14:35:19 UTC 2022
Toronto Machine Learning Society (TMLS),Mon May 02 14:35:02 UTC 2022
Artificial Intelligence Institute at University of South Carolina,Mon May 02 14:35:01 UTC 2022
Open AI Research Organisation,Mon May 02 14:34:59 UTC 2022
scikit-learn,Mon May 02 14:34:51 UTC 2022
The Machine Learning Company,Mon May 02 14:34:50 UTC 2022
Kaggle,Mon May 02 14:34:46 UTC 2022
Machine Learning,Mon May 02 14:34:47 UTC 2022
Python,Mon May 02 14:34:28 UTC 2022
Singapore Airlines,Thu Apr 28 03:32:52 UTC 2022
Data-Centric Engineering Pte Ltd Singapore,Tue Apr 05 05:08:47 UTC 2022
Chargebee,Tue Mar 29 11:49:01 UTC 2022
WhiteBlue Cloud Services,Mon Mar 28 05:22:40 UTC 2022
Ducont Systems,Fri Mar 25 06:03:09 UTC 2022
Nityo Infotech,Thu Mar 24 15:33:32 UTC 2022
U3 Infotech,Thu Mar 24 15:32:29 UTC 2022
Xebia,Wed Mar 23 00:16:48 UTC 2022
Hudson,Mon Mar 21 15:12:03 UTC 2022
Atome,Mon Mar 21 03:54:17 UTC 2022
Archer - The IT Recruitment Consultancy,Mon Mar 21 03:53:51 UTC 2022
Morgan McKinley,Mon Mar 21 03:49:06 UTC 2022
CodersTea,Sat Mar 19 18:33:13 UTC 2022
Geniebook,Fri Mar 18 14:04:18 UTC 2022
SPH Media,Fri Mar 18 14:03:54 UTC 2022
Rippleshot,Fri Mar 18 01:43:53 UTC 2022
Version 1,Thu Mar 17 15:02:00 UTC 2022
Bitdeer Group,Thu Mar 17 14:37:34 UTC 2022
Sitecore,Thu Mar 17 14:35:29 UTC 2022
Newtone consulting,Thu Mar 17 14:28:18 UTC 2022
Secretlab,Thu Mar 17 14:28:04 UTC 2022
Neuroglee Therapeutics,Thu Mar 17 14:25:41 UTC 2022
InterWorks,Thu Mar 17 14:24:29 UTC 2022
PALO IT,Thu Mar 17 14:19:50 UTC 2022
Thales,Thu Mar 17 14:18:56 UTC 2022
ScholarNest,Thu Mar 17 14:17:36 UTC 2022
Toku,Wed Mar 16 23:55:42 UTC 2022
Elliott Moss Consulting,Wed Mar 16 23:32:47 UTC 2022
Computer Futures,Mon Mar 14 15:52:55 UTC 2022
Pionex,Mon Mar 14 15:51:50 UTC 2022
Azendian Solutions,Mon Mar 14 04:56:25 UTC 2022
Cheil Singapore RHQ,Mon Mar 14 02:57:17 UTC 2022
Spring Professional,Mon Mar 14 02:55:18 UTC 2022
Seldon,Sun Mar 13 17:11:05 UTC 2022
Quadratyx,Sun Mar 13 16:39:43 UTC 2022
DigiTech Search ,Sun Mar 13 13:12:49 UTC 2022
Unit8,Sun Mar 13 13:04:38 UTC 2022
Experis Switzerland,Sun Mar 13 06:45:43 UTC 2022
Zenika Singapore,Sun Mar 13 06:31:34 UTC 2022
NCS Group,Sun Mar 13 06:30:55 UTC 2022
Quadrant.io,Sun Mar 13 05:58:31 UTC 2022
Rakuten Viki,Sun Mar 13 05:48:01 UTC 2022
Experis Singapore,Sun Mar 13 05:33:09 UTC 2022
Phaidon International,Sat Mar 12 19:19:05 UTC 2022
AMD,Sat Mar 12 19:18:41 UTC 2022
Luxoft,Sat Mar 12 19:18:04 UTC 2022
Artefact,Sat Mar 12 19:12:55 UTC 2022
Singapore Tourism Board,Sat Mar 12 19:10:15 UTC 2022
Singapore Jobs  | PR Visa | Immigration,Sat Mar 12 03:52:35 UTC 2022
SINGAPORE JOBS NETWORK,Sat Mar 12 03:52:33 UTC 2022
Singapore Jobs,Sat Mar 12 03:52:31 UTC 2022
Quantiphi,Sun Mar 06 05:49:05 UTC 2022
Inference Labs,Sun Mar 06 05:48:03 UTC 2022
Michelin,Sun Mar 06 05:29:24 UTC 2022
UST,Sun Mar 06 05:08:17 UTC 2022
CHARLES & KEITH GROUP,Sun Mar 06 00:07:14 UTC 2022
Liquid Group,Sat Mar 05 16:05:08 UTC 2022
Nisum,Sat Mar 05 16:03:50 UTC 2022
Propellor.ai,Sat Mar 05 14:45:59 UTC 2022
The Sparks Foundation,Tue Mar 01 07:01:18 UTC 2022
engineerHUB,Mon Feb 28 10:52:50 UTC 2022
LinkedIn News,Mon Feb 28 00:03:36 UTC 2022
Illuminate AI,Wed Feb 23 04:59:58 UTC 2022
Smart Pension,Wed Feb 23 01:31:56 UTC 2022
Saragossa,Wed Feb 23 01:30:48 UTC 2022
Quantexa,Wed Feb 23 01:20:22 UTC 2022
kipi.bi,Wed Feb 23 01:04:01 UTC 2022
SISTIC Singapore,Tue Feb 22 10:46:36 UTC 2022
ContactPoint 360,Tue Feb 22 01:10:19 UTC 2022
Code In Cafe,Mon Feb 21 02:36:31 UTC 2022
Python People,Mon Feb 21 02:36:30 UTC 2022
Python Institute,Mon Feb 21 02:36:28 UTC 2022
python online course,Mon Feb 21 02:36:27 UTC 2022
Python Machine Learning,Mon Feb 21 02:36:27 UTC 2022
Learn Python,Mon Feb 21 02:36:26 UTC 2022
Python Learning Organization,Mon Feb 21 02:36:26 UTC 2022
Python Software Foundation,Mon Feb 21 02:36:21 UTC 2022
Python Learner & Developer,Mon Feb 21 02:36:21 UTC 2022
Python Learning,Mon Feb 21 02:36:20 UTC 2022
Python Learning,Mon Feb 21 02:34:59 UTC 2022
JobsinGermany.net,Sun Feb 20 09:15:10 UTC 2022
Germany Startup Jobs,Sun Feb 20 09:15:08 UTC 2022
Jobs in Germany,Sun Feb 20 09:15:06 UTC 2022
Find Jobs in Germany,Sun Feb 20 09:14:16 UTC 2022
relayr,Sun Feb 20 09:09:54 UTC 2022
Rock the JVM,Wed Feb 16 12:29:04 UTC 2022
KPIT,Tue Feb 15 08:13:07 UTC 2022
YASH Technologies,Tue Feb 15 08:13:04 UTC 2022
Zensar Technologies,Tue Feb 15 03:33:53 UTC 2022
Infogain,Tue Feb 15 03:33:52 UTC 2022
TO THE NEW,Tue Feb 15 00:22:21 UTC 2022
Appinventiv,Mon Feb 14 23:26:51 UTC 2022
BINGAGE,Sun Feb 13 17:11:19 UTC 2022
Brillio,Sun Feb 13 09:38:29 UTC 2022
Affine,Sat Feb 12 16:42:30 UTC 2022
DataMarias,Fri Feb 11 12:51:58 UTC 2022
Cloudwick Technologies,Fri Feb 11 03:56:58 UTC 2022
WNS,Fri Feb 11 03:56:11 UTC 2022
Twilio,Fri Feb 11 03:50:44 UTC 2022
Verisk,Fri Feb 11 03:36:27 UTC 2022
RedBox HR Consulting,Fri Feb 11 00:30:59 UTC 2022
Rakuten,Thu Feb 10 14:45:39 UTC 2022
5x,Sat Feb 05 08:16:37 UTC 2022
Capital One,Sat Feb 05 03:24:55 UTC 2022
Infosys Consulting,Fri Feb 04 14:32:01 UTC 2022
Google Developer Groups (GDG),Thu Feb 03 18:22:12 UTC 2022
Gigahex,Thu Feb 03 17:19:49 UTC 2022
Lowe's India,Sat Jan 29 21:59:11 UTC 2022
Intuit,Sat Jan 29 21:53:40 UTC 2022
Motivational Lines,Fri Jan 14 18:48:58 UTC 2022
GlobalLogic,Mon Jan 10 18:09:12 UTC 2022
Yokoso Finance,Sat Jan 08 16:31:57 UTC 2022
AI Patasala,Mon Jan 03 16:36:20 UTC 2022
Nagarro,Fri Dec 31 19:36:16 UTC 2021
EPAM Systems,Fri Dec 31 19:36:16 UTC 2021
SearchFindOrder,Tue Dec 28 02:02:57 UTC 2021
Data Works,Tue Dec 28 02:01:31 UTC 2021
Snowflake,Mon Dec 27 01:21:26 UTC 2021
Cloud.in,Tue Dec 21 04:09:45 UTC 2021
Atlassian,Sun Dec 19 14:53:03 UTC 2021
"Docker, Inc",Sun Dec 19 00:17:35 UTC 2021
GitLab,Sat Dec 18 10:57:46 UTC 2021
Red Hat,Sat Dec 18 10:57:44 UTC 2021
Stack Overflow,Sat Dec 18 10:57:43 UTC 2021
VMware Cloud,Sat Dec 18 01:48:57 UTC 2021
GitHub,Sat Dec 18 01:48:56 UTC 2021
VMware Tanzu Labs,Fri Dec 17 04:10:46 UTC 2021
VMware Tanzu,Fri Dec 17 03:16:50 UTC 2021
Discite Analytics & AI,Tue Dec 14 06:11:29 UTC 2021
KPMG India,Tue Dec 07 16:08:53 UTC 2021
KPMG US,Tue Dec 07 16:08:53 UTC 2021
PwC Middle East,Tue Dec 07 16:08:50 UTC 2021
Deutsche Bank,Tue Dec 07 16:08:50 UTC 2021
ServiceNow,Mon Dec 06 16:09:03 UTC 2021
Slack,Mon Dec 06 16:09:01 UTC 2021
PwC,Mon Dec 06 16:09:00 UTC 2021
Microsoft,Mon Dec 06 01:40:16 UTC 2021
Google,Mon Dec 06 01:40:16 UTC 2021
Meta,Mon Dec 06 01:40:15 UTC 2021
SAP,Mon Dec 06 00:55:55 UTC 2021
Cisco,Mon Dec 06 00:55:55 UTC 2021
Oracle,Mon Dec 06 00:55:53 UTC 2021
Wells Fargo,Sun Dec 05 18:21:22 UTC 2021
Salesforce,Sun Dec 05 18:21:21 UTC 2021
Coursera,Sat Dec 04 16:30:31 UTC 2021
Love Open Source Community,Mon Nov 29 13:16:22 UTC 2021
W3Schools.com,Sat Nov 20 10:43:32 UTC 2021
Udemy,Sat Nov 20 10:43:31 UTC 2021
Udemy Free Courses,Sat Nov 20 09:33:47 UTC 2021
Google Developers,Sat Nov 20 08:45:32 UTC 2021
AWS Machine Learning,Sat Nov 20 08:14:51 UTC 2021
Apple,Fri Nov 19 02:26:29 UTC 2021
Dell Technologies,Fri Nov 19 02:26:29 UTC 2021
HP,Fri Nov 19 02:17:13 UTC 2021
Intel Corporation,Thu Nov 18 13:33:35 UTC 2021
Mu Sigma Inc.,Wed Nov 17 04:30:13 UTC 2021
Tredence Inc.,Wed Nov 17 04:29:52 UTC 2021
Fairtrade India,Tue Nov 16 18:30:31 UTC 2021
Boltic,Tue Nov 16 13:28:05 UTC 2021
StatusNeo,Tue Nov 16 13:23:38 UTC 2021
Mactores,Tue Nov 16 12:59:39 UTC 2021
Target,Tue Nov 16 11:00:11 UTC 2021
Virtusa,Mon Nov 15 12:34:24 UTC 2021
Cybage Software,Sat Nov 13 12:18:46 UTC 2021
Intuit India,Tue Nov 09 01:35:11 UTC 2021
Bosch Global Software Technologies,Sun Nov 07 14:01:44 UTC 2021
Legato Health Technologies,Fri Nov 05 17:20:25 UTC 2021
ZS,Thu Nov 04 13:18:02 UTC 2021
CGI,Thu Nov 04 13:18:02 UTC 2021
LogicMonitor,Thu Nov 04 13:16:24 UTC 2021
LUMIQ,Wed Nov 03 09:15:15 UTC 2021
NatWest Group,Mon Nov 01 17:58:03 UTC 2021
DATA SCIENCE INFINITY,Mon Nov 01 17:58:00 UTC 2021
PyTorch,Mon Nov 01 17:57:59 UTC 2021
Hexaware Technologies,Sun Oct 31 16:56:58 UTC 2021
Persistent Systems,Sun Oct 31 16:56:58 UTC 2021
Amdocs,Sat Oct 30 10:05:50 UTC 2021
Maven Analytics,Sat Oct 30 02:08:01 UTC 2021
Indian Statistical Institute - Official,Sun Oct 24 07:21:46 UTC 2021
Careers In Dubai,Fri Oct 15 11:47:59 UTC 2021
KPMG Canada,Wed Oct 13 01:57:04 UTC 2021
SpeechOcean,Wed Oct 13 01:27:05 UTC 2021
Astronomer,Sat Oct 09 01:38:05 UTC 2021
Google Cloud,Fri Oct 08 02:29:02 UTC 2021
LinkedIn,Tue Oct 05 12:05:16 UTC 2021
Bank of America,Mon Oct 04 13:28:48 UTC 2021
CanadaVisa.com - Cohen Immigration Law,Mon Sep 27 03:22:45 UTC 2021
Immigration.ca,Mon Sep 27 03:22:44 UTC 2021
Tiger Analytics,Mon Sep 27 03:22:35 UTC 2021
jobs to canada,Mon Sep 27 03:22:33 UTC 2021
Live and Work in Canada through Pelican Migration Consultants,Mon Sep 27 03:02:47 UTC 2021
Prepare for Canada,Sun Sep 26 17:16:31 UTC 2021
Jobs Canada Fair,Sun Sep 26 17:16:29 UTC 2021
Indian Institute of Management Ahmedabad,Sat Sep 25 11:42:05 UTC 2021
JustEnough Azure,Fri Sep 24 17:43:07 UTC 2021
Hugging Face,Wed Sep 22 17:35:29 UTC 2021
The AI Journal,Wed Sep 22 11:15:09 UTC 2021
Dremio,Wed Sep 22 03:18:57 UTC 2021
EnergyTech Global,Wed Sep 22 01:45:03 UTC 2021
DXC Technology,Wed Sep 08 00:56:57 UTC 2021
DXC Technology India,Tue Sep 07 02:17:39 UTC 2021
Accenture Technology,Tue Sep 07 02:17:39 UTC 2021
Microsoft Learn,Tue Sep 07 02:06:43 UTC 2021
Smarsh,Sun Sep 05 16:51:28 UTC 2021
Standard Chartered Bank,Sun Sep 05 10:40:45 UTC 2021
UBS,Fri Sep 03 17:55:43 UTC 2021
ETH ZÃ¼rich,Fri Sep 03 17:48:16 UTC 2021
The Ravit Show,Fri Sep 03 17:47:52 UTC 2021
Deloitte,Fri Sep 03 17:42:44 UTC 2021
AI4Diversity,Fri Sep 03 17:15:07 UTC 2021
Sopra Steria,Wed Sep 01 01:35:25 UTC 2021
Allegis Global Solutions,Sun Aug 29 11:41:17 UTC 2021
Open Data Science Conference (ODSC),Fri Aug 27 13:22:51 UTC 2021
Python posts you might have missed!,Fri Aug 27 13:22:48 UTC 2021
OpenCV,Fri Aug 27 13:22:34 UTC 2021
Instahyre,Tue Aug 24 04:17:07 UTC 2021
LeetCode,Tue Aug 24 04:16:54 UTC 2021
CloudyML,Mon Aug 23 02:03:31 UTC 2021
Walmart Canada,Sun Aug 22 02:03:57 UTC 2021
Nike,Thu Aug 19 03:14:43 UTC 2021
Thoughtworks,Wed Aug 18 02:15:22 UTC 2021
LatentView Analytics,Wed Aug 18 02:15:21 UTC 2021
Firebolt,Sun Aug 15 02:50:22 UTC 2021
Bath & Body Works,Fri Aug 13 22:39:09 UTC 2021
Data Science Council of America,Thu Aug 12 06:24:39 UTC 2021
MongoDB,Tue Aug 10 03:09:59 UTC 2021
Mercer,Wed Aug 04 12:11:37 UTC 2021
Macquarie Group,Fri Jul 30 16:07:52 UTC 2021
Data Recruit,Fri Jul 30 05:36:37 UTC 2021
TheMathCompany,Thu Jul 08 09:56:00 UTC 2021
KPMG Ireland,Thu Jun 24 00:11:27 UTC 2021
Pitney Bowes,Thu Jun 10 01:39:22 UTC 2021
State Street,Tue Jun 08 00:20:43 UTC 2021
Bayer,Tue Jun 01 16:51:17 UTC 2021
Let The Data Confess Pvt Ltd,Sun May 30 08:15:27 UTC 2021
JPMorgan Chase & Co.,Mon May 24 00:31:24 UTC 2021