Content Title,Content Description,Content Type,Content Last Watched Date (if viewed),Content Completed At (if completed),Content Saved,Notes taken on videos (if taken),
Creating Maps with R,"If you need to learn more about creating maps with R, this beginner-friendly course introduces an end-to-end mapping workflow and shows you how to import your data directly from Excel to create both static and interactive maps. Instructor Charlie Joey Hadley explains mapping fundamentals, like geo markers, scatter plots, hexbin maps, cartograms, and more. Charlie walks you through processing GIS data from Excel and working with GIS data formats such as raster, vector, sf, and sp. She demonstrates how to create, label, and transform static maps with ggplot2, then dives into building interactive, mobile-ready maps using Leaflet, an HTML widget package for creating interactive maps with R. Plus, Charlie covers base maps and tiles, projections, the Coordinate Reference System (CRS), and more.",Course,2022-12-09 00:57 UTC,N/A,false,N/A,
Big Data Analytics with Hadoop and Apache Spark,"Apache Hadoop was a pioneer in the world of big data technologies, and it continues to be a leader in enterprise big data storage. Apache Spark is the top big data processing engine and provides an impressive array of features and capabilities. When used together, the Hadoop Distributed File System (HDFS) and Spark can provide a truly scalable big data analytics setup. In this course, learn how to leverage these two technologies to build scalable and optimized data analytics pipelines. Instructor Kumaran Ponnambalam explores ways to optimize data modeling and storage on HDFS; discusses scalable data ingestion and extraction using Spark; and provides tips for optimizing data processing in Spark. Plus, he provides a use case project that allows you to practice your new techniques.",Course,2022-09-16 07:56 UTC,N/A,false,N/A,
SQL: Data Reporting and Analysis (2019),"Do you rely on IT to get the data you need? Are you often stuck waiting in line for data, and wish you could just retrieve it yourself? In this course, learn how to get the data you want by writing a bit of SQL code. You won't just be able to pull data out of the database; you'll be able to manipulate it: merging it, grouping it, and relabeling it to get just the report you want. Join Emma Saunders as she shows how to write simple SQL queries for data reporting and analysis using a publicly accessible online database. Learn how to filter, group, and sort data, using built-in SQL functions to format or calculate results. Discover how to perform more complex queries, such as joining data together from different database tables. Last but not least, she introduces views, procedures, functions, and variables.",Course,2021-11-19 04:47 UTC,N/A,false,N/A,
Apache Spark Essential Training,"Apache Spark is a powerful platform that provides users with new ways to store and make use of big data. In this course, get up to speed with Spark, and discover how to leverage this popular processing engine to deliver effective and comprehensive insights into your data. Instructor Ben Sullins provides an overview of the platform, going into the different components that make up Apache Spark. He shows how to analyze data in Spark using PySpark and Spark SQL, explores running machine learning algorithms using MLib, demonstrates how to create a streaming analytics application using Spark Streaming, and more.",Course,2021-02-26 13:43 UTC,N/A,false,N/A,
Enhance Your Productivity with Effective Note-Taking,"<div><a href=""https://www.linkedin.com/newsletters/6675843596446425088?trk=lil-course-description"" target=""_blank"" class=""artdeco-button artdeco-button--1"">View Paula's LinkedIn Newsletter</a></div><br>Productivity coach, author, and Emmy-winning producer Paula Rizzo shares her road-tested processes, systems, tips, and hacks for taking effective notes. Explore how to capture important information, process it effectively, and take action. Discover different ways of taking notes. Differentiate between situations where note-taking is critical and situations where it is not. Learn a simple technique to determine what information is useful, and get best practices for taking notes by hand. Learn strategies for using analog and digital notetaking together to your advantage. Explore some nontraditional note-taking methods, as well as proven techniques for generating great notes. Once you have great notes, then what do you do? There are shortcuts to make sense of your notes faster, so you can spring into action. Discover how take clear and concise notes for others. Learn how to plan ahead and come out of every meeting feeling empowered and ready to get things done.",Course,2021-11-11 14:48 UTC,N/A,false,N/A,
Critical Thinking for Better Judgment and Decision-Making,"The pace of change and volume of information we encounter in daily life make it hard to think through decisions. Instead, people often rely on biases and rules of thumb, which trap them into drawing faulty conclusions. The most successful teams use critical thinking—objective and rational analysis—to illuminate the wisest conclusions. This course prepares leaders to hone the critical thinking skills of their entire organization. Learn how to upgrade critical thinking to avoid deceiving fallacies, spot misleading cognitive biases, craft better arguments, hone judgment, and improve decision-making. Instructor Becki Saltzman teaches skills that will improve how your company or team innovates, tackles challenges, and responds to change.",Course,2021-01-31 15:12 UTC,N/A,false,N/A,
SQL Server Integration Services,"SQL Server Integration Services (SSIS) is one of the core add-on components to SQL Server. With SSIS, professionals can create automated workflows that streamline the process of consolidating data from a wide variety of sources. Through a process called ETL—extract, transform, and load—you can ingest and move data between systems such as other databases, flat data files, and even online repositories. In this course, Adam Wilbert helps you get up and running with SSIS. Adam shows how to work with different control flow tasks, data sources, connections, and transformations. Plus, see how to add variables to control package execution, run packages with T-SQL, and more.",Course,2021-08-25 17:29 UTC,N/A,false,N/A,
Learning Python,"Python—the popular and highly-readable object-oriented language—is both powerful and relatively easy to learn. Whether you're new to programming or an experienced developer, this course can help you get started with Python. Joe Marini provides an overview of the installation process, basic Python syntax, and an example of how to construct and run a simple Python program. Learn to work with dates and times, read and write files, and retrieve and parse HTML, JSON, and XML data from the web.",Course,2022-04-14 15:43 UTC,N/A,false,N/A,
Guy Kawasaki on Turning Life Wisdom into Business Success,"Get career advice from a real ""wise guy."" In this course, based on his book <i>Wise Guy</i>, one of the world's leading corporate evangelists, Guy Kawasaki, talks about how he built his career. Learn how he landed his first real job in the jewelry business—which turned out to be surprisingly useful training for the tech world. Find out why some of the riskiest moves he made at Apple—disparaging a potential partner and trading jabs with Steve Jobs—paid off. Guy also reveals how taking up surfing at the age of 62 sparked a new passion. In total, Guy covers everything from moral values to business skills to parenting. As he writes, “I hope my stories help you live a more joyous, productive, and meaningful life. If <i>Wise Guy</i> succeeds at this, then that’s the best story of all.”<br><br>

This course was created by <a href=""https://genconnectu.com/"" target=""_blank"">genconnectU</a>. We are pleased to offer this training in our library.",Course,2021-05-21 16:11 UTC,N/A,false,N/A,
Data Engineering Foundations,"Data science can be generally defined as the process of making data useful, and data engineering is a key part of how and why. If you think of data science like a race car, the data engineers are the pit crew. They’re not driving the car, but they make the car much easier to drive. Data engineers make sure the data flow is running smoothly, monitor systems, anticipate problems, and repair the data pipeline whenever problems arise. They extract and gather data from multiple sources and load it into a single, easy-to-query database. In short, data engineers make data scientists’ lives easier.<br><br>In this course, Harshit Tyagi explains the fundamentals of data engineering. He covers key topics like data wrangling, database schema, and developing ETL pipelines. He also details several data engineering tools like Hive, Hadoop, Spark, and Airflow. By the end of this course, it should be abundantly clear why the data engineer is one of the most valuable people in a data-driven organization.",Course,2022-06-10 00:27 UTC,N/A,false,N/A,
Docker for Data Scientists,"In a field where reproducible results are essential, Docker is rapidly emerging as one of the top tools for bringing efficiency to the work that data science teams—particularly those working in machine learning (ML)—are doing. Creating and developing ML models is often messy. Seasoned data scientists know that different versions of the same software can produce different results. With Docker, you can include the right versions of each needed dependency and library, so no one ever has to do any configuration. After the Dockerfile is built, you'll have exactly what you need. In this course, Jonathan Fernandes helps data scientists get up and running with Docker, demonstrating how to build a Dockerized ML application that can easily be shared. Along the way, he shares common use cases for the tool. Upon wrapping up this course, you'll be prepared to leverage the power of containers in your other ML projects.",Course,2021-12-03 14:35 UTC,N/A,false,N/A,
8 Things You Must Know in Python,"There are many beginner Python tutorials, but to build useful applications, you need to move beyond the basics. This course helps you on the journey to writing intermediate-level Python code. Instructor Jonathan Fernandes presents eight things that you should know how to do in Python. Topics include the Python any() and all() methods, using enumerate() and zip() methods, min() and max(), and more. For each topic, Jonathan provides a hands-on approach and then gives you a challenge (with solutions) to practice.
<br><br>
Note: This course was created by Jonathan Fernandes. We are pleased to host this training in our library.",Course,2021-08-31 04:21 UTC,N/A,false,N/A,
Software Architecture: Patterns for Developers,"As a developer, you're ultimately building software to solve problems for your users. But a successful application also needs to be easy for you and other developers to work with. Enter software architecture patterns. These trusted solutions allow you to translate complex architectural problems to recognizable patterns. In this course, instructor Peter Morlion covers a variety of software architecture patterns, showing you how to apply the correct architecture to new systems and recognize patterns in existing systems. Peter goes over application landscape patterns such as microservices. He also covers application structure patterns like event sourcing, as well as UI patterns like model-view-controller (MVC). Along the way, he shares pros and cons that help you determine which patterns to use.",Course,2021-02-21 16:40 UTC,N/A,false,N/A,
Microsoft Power Automate Essential Training (2021),"Microsoft Power Automate is an excellent tool to help you streamline repetitive tasks and processes in your work day. Automate actions across email, Microsoft Office, Google Drive, and various productivity or social media platforms. In this course, Bill Kulterman explores the essentials needed to start using Power Automate and implement either existing or new processes inside of Power Automate. Bill covers several flows you can create to work smarter, including automatically adding and removing files from SharePoint based on emails sent, converting Word docs to PDFs, tracking working hours using the Power Automate mobile app, and more. After this course, you'll be ready to start automating business processes in your own workflow.",Course,2022-05-17 00:58 UTC,N/A,false,N/A,
Software Architecture: Breaking a Monolith into Microservices,"Microservices are the increasingly popular software architecture choices when creating a new application, but what about existing applications? Does it make sense to split them up into microservices? And how would you go about breaking up monolithic applications? In this course, Daniel Khan covers effective approaches for adopting microservices, taking a high-level look at the fundamentals without getting into programming languages, container runtimes, Kubernetes, or other technical minutiae. Instead, he takes a holistic approach to give you a general understanding of the technical and organizational challenges you need to address in order to successfully re-architect your existing platforms to microservices.",Course,2022-07-07 11:07 UTC,N/A,false,N/A,
Career Advice from Some of the Biggest Names in Business,"More from LinkedIn Learning's top experts<br><div><a href=""https://www.linkedin.com/newsletters/6481481946697388032?trk=lil-course-description"" target=""_blank"" class=""artdeco-button artdeco-button--1"">Career Development Newsletter</a></div><br>What if you could get career advice from the world's most influential thinkers, leaders, and innovators? People who have run the top companies, created the most beloved brands, transformed industries, and changed the world? Now you can. This course brings together the best insights from our collection of interviews with LinkedIn Influencers. CEOs such as Richard Branson, Bill Gates, Indra Nooyi, and Meg Whitman reveal what it takes to get your foot in the door and then work your way up. Discover why Starbucks founder Howard Schultz thinks that conviction is so critical, how Oprah found her vision, and what actress Priyanka Chopra does to find the next challenge. Each interview provides short and thoughtful tips you can use to propel your own career in the right direction.",Course,2020-12-19 03:46 UTC,N/A,false,N/A,
Learning Git and GitHub,"<div><a href=""https://www.linkedin.com/newsletters/6674822532509655040?trk=lil-course-description"" target=""_blank"" class=""artdeco-button artdeco-button--1"">View Ray's LinkedIn Newsletter</a></div><br>Version Control lets you manage changes you've made to files over time, and is an essential skill for developers to master. Git is by far the most popular version control system on the web. In this fast-paced course, Ray Villalobos shows you the fundamental commands that you need to work with most Git projects. He explains how to use checkpoints called commits, which let you leave messages documenting what happened at each checkpoint, as well as how to create branches that are alternate versions of your project that you can work on without changing the original. Plus, he shows how to work with the popular GitHub website to explore existing projects, clone them to your local hard drive, and use them as templates for your new projects.",Course,2022-10-04 05:00 UTC,N/A,false,N/A,
Tableau Essential Training (2020.1),"Tableau is a widely used data analytics and visualization tool that many consider indispensable for data-science-related work. Its drag-and-drop interface makes it easy to sort, compare, and analyze data from multiple sources, including Excel, SQL Server, and cloud-based data repositories. In this course, learn what you need to know to analyze and display data using Tableau 2020—and make better, more data-driven decisions for your company. Discover how to install Tableau, connect to data sources, and sort and filter your data. Instructor Curt Frye also demonstrates how to create and manipulate data visualizations—including highlight tables, charts, scatter plots, histograms, maps, and dashboards—and shows how to share your visualizations. Along the way, he highlights the new features packed into this edition of the software, including Viz Animations, which allows you to visually follow the movement of marks in a data visualization to see and understand your changing data.",Course,2021-01-08 13:20 UTC,N/A,false,N/A,
Be the Manager People Won't Leave,"<div><a href=""https://www.linkedin.com/newsletters/6457790820677410816?trk=lil-course-description"" target=""_blank"" class=""artdeco-button artdeco-button--1"">View Laurie's LinkedIn Newsletter</a></div><br>With the ""Great Reshuffle,"" employees are quitting their jobs at the highest rates in over 20 years, and 41% of the global workforce is considering leaving their jobs. Manager relationships are becoming the make-or-break point for whether employees stay or go. Join veteran HR leader Laurie Ruettimann as she reveals the data behind why it's more important than ever to be a manager who demonstrates empathy and inspires loyalty from the workforce. Laurie covers basics first: be someone people can trust, be an example of integrity, and be relentlessly inclusive. She steps you through ways to inspire your employees to grow. Laurie finishes up by showing you how you can help your team members love their work by being a next-level mentor, a fun-loving boss, and a leader who is genuinely invested in your employees’ well-being.",Course,2022-02-16 23:59 UTC,N/A,false,N/A,
Learning Spring with Spring Boot (2019),"Spring is the hugely popular framework for developing Java applications in the enterprise space. In this course, discover how to leverage Spring Boot, which takes an opinionated view of the Spring platform. Follow Frank Moley as he walks through how to use Spring Boot to quickly and efficiently develop a practical, enterprise-style web application. As Frank explains how to develop the app, he helps to familiarize you with the general Spring framework. Plus, Frank dives into some of the basic projects of Spring that you can use to develop Java-based applications.",Course,2021-07-24 17:35 UTC,N/A,false,N/A,
Learning Personal Branding,"You are the most powerful marketing tool at your disposal. If you are starting a business, establishing your thought leadership, or trying to get ahead in your career, it's a great time to start investing in the brand of you. Learn the secrets of personal branding in this course with marketing expert Chelsea Krost. Chelsea explains how to develop your story, craft your messaging, and define your audience. Then she walks you through building your brand presence online and off, creating a calendar that will help you stay on top of social media and keep your content fresh. Plus, get tips to monetize your personal brand and land speaking engagements and guest roles.",Course,2020-12-04 17:11 UTC,N/A,false,N/A,
Implementing a Data Warehouse with SQL Server 2022,"Data warehouses solve fundamentally different problems than a traditional transactional database, and SQL Server Data Warehouses provide a different model for storing valuable data. In this course, database expert Adam Wilbert guides you through the process of developing data warehouses in SQL Server 2022 to provide a robust, trustworthy platform to serve all your business intelligence reporting and analysis workloads. Explore data warehouse foundations, then get started creating a data warehouse in SQL Server. Learn about columnstore indexes, as well as how to automate the tasks associated with integrating multiple data sources together into a warehouse. Find out how to implement an Azure Synapse Analytics Dedicated SQL Pool and enforce data quality using Data Quality Services. Discover ways to use Master Data Services, plus learn how to consume data from your warehouse with business intelligence applications.",Course,2023-03-17 01:01 UTC,N/A,false,N/A,
Google Cloud Foundations,"When it comes to understanding how Google Cloud works, it’s easy to get lost in the details and feel like you’re floating on a cloud of your own. But all you need is a solid foundation in the fundamentals to start learning more. Join instructor Mark Johnson in this beginner-level course on Google Cloud, working through hands-on demos as you build new skills for the Digital Leader certification exam.<br><br>Learn more about Google Cloud compliance requirements, resource hierarchy, and identity management. Discover ways to control and optimize cloud costs, honing your understanding of billing and usage. Mark breaks down the cloud network infrastructure and shows you how to set up and choose zones and regions. By the end of this course, you’ll have the tools you need to access the full range of Google Cloud support options and tackle the exam.",Course,2022-07-29 23:23 UTC,N/A,false,N/A,
Learning Python (2020),"Python—the popular and highly readable object-oriented language—is both powerful and relatively easy to learn. Whether you're new to programming or an experienced developer, this course can help you get started with Python. Joe Marini provides an overview of the installation process, basic Python syntax, and an example of how to construct and run a simple Python program. Learn to work with dates and times, read and write files, and retrieve and parse HTML, JSON, and XML data from the web.",Course,2021-07-01 12:02 UTC,N/A,false,N/A,
Advanced SQL for Data Scientists,"Many data scientists know how to work with SQL—the industry-standard language for data analysis. But as data sizes grow, you need to know how to do more than simply read and write from a database. This course provides a more sophisticated approach to designing data models and optimizing queries in SQL. Instructor Dan Sullivan begins with the logical and physical design of tables—with particular focus on very large databases—and then presents a deep dive review of indexes, including specialized indexes and when to use them. The next section introduces query optimization and shows how to optimize basic, multi-join, and more complex queries. The course also covers SQL extensions, including user-defined functions and specialized data types. The techniques taught here enable more efficient analysis of large data sets using SQL, statistics, and custom business logic.",Course,2023-01-26 13:51 UTC,N/A,false,N/A,
Advanced Pandas,"If you've worked in Python, you're likely familiar with the basic of pandas. In this advanced course, instructor Brett Vanderblock shares how you can take advantage of the advanced functions of pandas—such as working with dates, dealing with missing data, merging DataFrames, and more—to work more effectively with your data. First, Brett introduces you to DataFrames, identifies the top functions in pandas, and shows you how to configure your pandas workspace efficiently. He walks you through converting data types, working with strings, and using the apply map and applymap functions effectively. He shows you how to combine Groupby and multiple aggregate functions in pandas and how to use the merge, join, and concat functions. Brett steps through plotting and statistical functions with pandas. He concludes by explaining how you can use pandas-profiling and Geopandas to get the most out of your functions and data.

<br><br>This course was created by <a href=""http://www.onlymadecraft.com"" target=""_blank"">Madecraft</a>. We are pleased to host this training in our library.<br><br><img src=""http://files3.lynda.com/files/course_description_images/MadeCraft-Description-Logo.jpg"" height=""20%"" width=""20%"">",Course,2021-05-30 01:07 UTC,N/A,false,N/A,
Advanced Python: Working with Databases,"To create functional and useful Python applications, you need a database. Databases allow you to store data from user sessions, track inventory, make recommendations, and more.  However, Python is compatible with many options: SQLite, MySQL, and PostgreSQL, among others. Selecting the right database is a skill that advanced developers are expected to master. This course provides an excellent primer, comparing the different types of databases that can be connected through the Python Database API. Instructor Kathryn Hodge teaches the differences between SQLite, MySQL, and PostgreSQL and shows how to use the ORM tool SQLAlchemy to query a database. The final chapters put your knowledge to practical use in two hands-on projects: developing a full-stack application with Python, PostgreSQL, and Flask and creating a data analysis app with pandas and Jupyter Notebook. By the end, you should feel comfortable creating and using databases and be able to decide which Python database is right for you.",Course,2021-03-30 17:50 UTC,N/A,false,N/A,
After Effects 2020 New Features,"After Effects 2020 is here. Want to know how this new version will impact your motion graphics workflow? This course covers the latest upgrade, focused around the new, more powerful Content-Aware Fill. Discover how to remove an object, create a reference frame, and remove a logo on a smooth surface with this intelligent editing tool. Instructor Mark Christiansen provides practical tips to help you get the most from this forward-looking update.",Course,2020-12-12 01:05 UTC,N/A,false,N/A,
Sheryl Sandberg and Adam Grant on Option B: Building Resilience,"Dodging adversity is often not a choice. Encountering a devastating event—the gut-wrenching kind that zaps away joy—is an inevitability of life. In their <em>New York Times</em> best-selling book <em>Option B: Facing Adversity, Building Resilience, and Finding Joy</em>, Facebook COO Sheryl Sandberg and Wharton psychologist Adam Grant share their insights on building resilience in the face of such setbacks. They offer practical steps you can take to reimagine and rebuild your life when your first choice—your Option A—is no longer on the table, and you're faced with the task of making the absolute best of Option B. This course highlights some of the powerful topics in this book, including how to talk to friends and colleagues who are hurting when you're not sure what to say, how to fight the idea that the hurt you're feeling is permanent, and how to give yourself permission to experience happiness again.<br><br> For additional resources and support, check out <a href=""https://optionb.org/"" target=""_blank""> OptionB.Org</a>, a nonprofit initiative dedicated to helping individuals build resilience in the face of adversity.",Course,2020-09-30 15:23 UTC,N/A,false,N/A,
SQL Essential Training (2019),"Knowing how to code and manage relational databases and database-driven applications is a valuable skill for any career in tech. Completely updated for 2019, <i>SQL Essential Training</i> is designed to help users understand the most common language for database wrangling, SQL. All the lessons have been recorded in SQLiteStudio, an intuitive and easy-to-install database manager. Instructor Bill Weinman teaches all the major features of SQL: creating tables; defining relationships; manipulating strings, numbers, and dates; using triggers to automate actions; and using subselects and views. He offers a solid working knowledge of the language and shows how to retrieve and manage data efficiently. The final chapter includes a real-world example of building a simple application using SQL.<br><br>

This course was created by Bill Weinman. We are pleased to offer this training in our library.",Course,2022-08-14 14:12 UTC,N/A,false,N/A,
Learning Data Visualization (2018),"<div><a href=""https://www.linkedin.com/newsletters/6599926882873991168?trk=lil-course-description"" target=""_blank"" class=""artdeco-button artdeco-button--1"">View Bill's LinkedIn Newsletter</a></div><br>Got a big idea? You need to get it across quickly and efficiently, or modern audiences will move on to the next story clamoring for their attention. Data visualization allows you to make the complex simple, the abstract tangible, and the invisible (data) visible with great illustrations. In this course, Bill Shander shows how to understand your data and your audience, craft the story you need to tell, and determine the best visual model and details to use for that story.",Course,2022-05-28 08:27 UTC,N/A,false,N/A,
Creating Interactive Tableau Dashboards,"Learn how to create compelling, informative, and eye-catching dashboards using Tableau, the interactive data visualization software. This course covers how to take the connected data you’ve analyzed and share it on presentable dashboards. Data analytics expert Matt Francis first encourages you to consider four main questions before creating each dashboard: who is your dashboard for, what do they need to know, where will the dashboard be displayed, and why is the information important. Then he takes you step by step through the process of making a dashboard, including designing a good layout, adding charts, labeling items, coloring elements, filtering the data displayed, and adding interactive features. Lastly, Matt discusses how to use storytelling and narrative to make data more engaging.",Course,2021-07-01 12:01 UTC,N/A,false,N/A,
Machine Learning with Python: Foundations,"You’ve probably heard about machine learning before, but have you ever wondered what that term really means? How does a machine learn? Have you thought about building a machine learning model, but didn’t know where to start?
In this course, Frederick Nwanganga introduces machine learning in an approachable way and provides step-by-step guidance on how to get started with machine learning via the most in-demand language in use today, Python. Frederick starts with exactly what it means for machines to learn and the different ways they learn, then gets into how to collect, understand, and prepare data for machine learning. He also provides guided examples of how to accomplish each step using Python. Finally, he brings it all together to build, evaluate, and interpret the results of a machine learning model in Python.",Course,2022-04-28 23:13 UTC,N/A,false,N/A,
Talent Sourcing (2016),"In the war for talent, it's important to create an effective recruiting strategy. It begins with knowing where to find or ""source"" the best possible candidates. You need to proactively identify and attract top talent, so that when a position becomes available, you have developed a pipeline of qualified candidates. Learn the meaning of talent sourcing and how to create and implement a winning sourcing strategy. Award-winning recruiter and trainer Barbara Bruno introduces basic and higher-level candidate sourcing techniques, explains how to identify resources with the best ROI, and explains how to use big data, social media, and tools like LinkedIn Recruiter in your sourcing efforts.",Course,2021-09-05 17:52 UTC,N/A,false,N/A,
Technical Recruiting,"IT talent is in high demand. If you are a recruiter, focusing on this niche market can be very profitable—if you know what you're doing. Expert recruiter and trainer Barbara Bruno, CPC, CTS, explains the segments that comprise the technical recruiting niche, such as direct hires and contractors, and how you can best build your presence in this area of specialization. She provides advice on how to recruit top technical talent, understand what motivates them, validate their credentials, and build a network of qualified candidates.  She also shares tips to effectively negotiate and close more deals.<br><br>

There's a shortage of top technical talent worldwide. The demand for qualified technical recruiters has never been higher. The strategies in this course will help you recruit technical talent faster and meet the ever-growing demands of hiring authorities.",Course,2021-05-30 08:19 UTC,N/A,false,N/A,
SQL for Data Analysis,"If you’re looking to get Structured Query Language into your application development, but your story is more prequel than SQL, you need to build a solid foundational knowledge of SQL analysis. In this course, instructor Nikiya Simpson starts with a quick review of SQL basics, then focuses on fundamental SQL queries used in beginning data analysis. Nikiya explains the importance of asking the right questions of your data, as well as how those questions translate into SQL. She also shows how these concepts can be used to derive quick insights from your data to help drive effective decision-making. Nikiya finishes the course by demonstrating how to incorporate queries into tools like Microsoft Power BI to help bring you data to life.",Course,2022-12-16 15:10 UTC,N/A,false,N/A,
Sleep Is Your Superpower,"Sleep is mandatory. You can’t outsource it and you can’t negotiate it—and it has a powerful impact on everything you do while you’re awake. So why not build habits to optimize your sleep and live your best life? Learn how to make sleep a priority and take steps to achieve sleep wellness. The Sleep Ambassador®, Nancy Rothstein, shares tips for optimizing sleep and performing at your best in work and life. Learn how to prioritize sleep, assess your sleep, create the right sleep environment, and adopt strategies to fall asleep and stay asleep. Nancy offers concrete, practical advice based on research and science—so you can master sleep as your superpower.",Course,2021-09-14 13:02 UTC,N/A,false,N/A,
Using Python with Excel,"Python is the world's fastest growing programming language. It's a powerful tool that is helping to streamline development <i>and</i> data science. In this course from Madecraft, you can learn how to combine the power of the Python language with the data analysis and reporting tools in Microsoft Excel. Discover how to leverage the pandas and openpyxl libraries to inspect, filter, clean, and convert data and how to build solid reports that help businesses take action. Discover how to work with large amounts of data that would be unmanageable in Excel alone. By the end of this course, viewers will learn how this combination of tools can lead businesses to better insights than ever before.<br><br>

This course was created by <a href=""http://www.onlymadecraft.com"" target=""_blank"">Madecraft</a>. We are pleased to host this content in our library.<br><br><img src=""http://files3.lynda.com/files/course_description_images/MadeCraft-Description-Logo.jpg"" height=""25%"" width=""25%"">",Course,2021-03-01 17:32 UTC,N/A,false,N/A,
Python for Data Science Essential Training Part 1,"<i>Python for Data Science Essential Training</i> is one of the most popular data science courses at LinkedIn Learning. It has now been updated and expanded to two parts—for even more hands-on experience with Python. In this course, instructor Lillian Pierson takes you step by step through a practical data science project: a web scraper that downloads and analyzes data from the web. Along the way, she introduces techniques to clean, reformat, transform, and describe raw data; generate visualizations; remove outliers; perform simple data analysis; and generate interactive graphs using the Plotly library. You should walk away from this training with basic coding experience that you can take to your organization and quickly apply to your own custom data science projects.",Course,2020-10-21 09:10 UTC,N/A,false,N/A,
Azure Data Factory,"<p>If you want to grow your skills as a data scientist or enterprise application expert, you need to know how to design and manage an integrated IT strategy. Enter Azure Data Factory, the fully managed, serverless data integration service from Microsoft. In this course, instructor Karsten Ulferts shows you how to use Azure Data Factory (ADF) for pipelining and data transformation.</p><p>Explore the basics of successful deployment and the key terms of the ADF object model, ramping up your skill set to assess and analyze data output and data quality. Learn how concrete data integration solutions can be implemented with ADF, using extensions and available improvements to go beyond normal testing operations. Karsten gives you tips along the way on other more advanced object modeling tools, such as triggers, integration runtimes, Power Query, flowlets, quotas, limitations, and more.</p>",Course,2023-03-13 15:18 UTC,N/A,false,N/A,
"How to Work Smarter, Not Harder: Save Time and Money and Increase Productivity","More and more people are working from home, managing remote teams, and juggling multiple projects. The time is now to learn how to work smarter, not harder. Luckily, today’s technology makes it easier than ever to increase productivity and efficiency. This course is for anyone trying to grow their business or move ahead in their career without becoming overwhelmed. Chelsea Krost provides tangible tips, tools, and techniques to increase overall productivity and give you back precious time in the day. Learn how to embrace the mindset of successful entrepreneurs and small business owners, manage your time effectively, tackle your to-do list, leverage automation and delegation, and power up your social media, content marketing, and branding strategies to direct more attention and traffic to your business. Each tool and workflow has been tested by Chelsea and her clients—and the skills taught apply to any industry. Start watching and working smarter today.",Course,2021-08-24 04:12 UTC,N/A,false,N/A,
Excel: Lookup Functions in Depth,"Microsoft Excel offers a variety of powerful lookup functions that allow you to easily retrieve information across spreadsheets. In this course, Excel expert Dennis Taylor demystifies some of the most  significant lookup functions. Tune in to learn how to use the new XLOOKUP function, which can handle all the capabilities of the widely used VLOOKUP and HLOOKUP functions, in addition to providing more power and flexibility. Explore uses of the MATCH function and the newer, more robust XMATCH function to match up data, and learn how to extract data using the INDEX function. Discover how to restructure the lists being searched to ensure that you're using each function efficiently, and learn about dynamic array lookup functions like UNIQUE, SORT, SORTBY, and FILTER. Along the way, Dennis shares practical examples that help you grasp how to implement these functions in your workflow.",Course,2020-11-27 12:45 UTC,N/A,false,N/A,
Tableau for Data Scientists,"If your work requires any sort of graphical visualization of data, chances are you’ve run into Tableau. If you’ve been using Tableau but want to learn how to really harness its full power for data science, join expert Matt Francis in this course as he shows you how to take your skills to the next level. Matt starts with one of the most important features in Tableau: the difference between the green and blue pills (discrete and continuous data) and how this affects every single action Tableau performs. He then shows how to connect to and combine data from different data sources, how to create different charts to make sense of data, ways to transform your data with calculations, and how to create interactive maps. Finally, Matt details ways to present data effectively and how to make engaging dashboards. Whether you want to learn more about Tableau as a whole, or if you just want to improve your knowledge of a single subject, this course will help up your Tableau game.",Course,2022-05-06 09:34 UTC,N/A,false,N/A,
Architecting Big Data Applications: Real-Time Application Engineering,"Real-time systems have guaranteed response times that can be sub-seconds from the trigger. Meaning that when a user clicks a button, your app better respond—and fast. Architecting applications under real-time constraints is an even bigger challenge when you're dealing with big data. Excessive latency can cost you money, in terms of system resources consumed and customers lost. Luckily, big data technology and efficient architecture can provide the real-time responsiveness your business needs. In this course, you can learn about use cases and best practices for architecting real-time applications with technologies such as Kafka, Hazelcast, and Apache Spark.<br><br>

There is no coding involved. Instead you will see how big data tools can help solve some of the most complex challenges for businesses that generate, store, and analyze large amounts of data. The use cases are drawn from a variety of industries, including ecommerce and IT. Instructor Kumaran Ponnambalam shows how to analyze a problem, draw an architectural outline, choose the right technologies, and finalize the solution. After each use case, he reviews related best practices for real-time streaming, predictive analytics, parallel processing, and pipeline management. Each lesson is rich in practical techniques and insights from a developer who has experienced the benefits and shortcomings of these technologies firsthand.",Course,2020-11-25 11:56 UTC,N/A,false,N/A,
Using SQL with Python,"Are you familiar with SQL? Do you know Python? Are you interested in understanding how these two languages work together? Then join Bill Weinman in this course as he shows the power of these two languages combined. Bill starts with some basics—connecting to a database, performing simple queries, and reading rows from a table. He covers how to use prepared statements and cursors, how to build a wrapper class to streamline the SQL interface and support multiple different database engines, and how to build a CRUD class and a full-featured web application using what you've learned. Many applications require a combination of SQL and Python, and after finishing Bill’s course, you’ll have a better understanding of why and how you can leverage the power of these two languages together.",Course,2022-06-13 14:32 UTC,N/A,true,N/A,
The Art of Rotoscoping,"Turn your video footage into a work of art. Learn the basics of rotoscoping to build creative effects and to isolate video elements for compositing or VFX. In this course, instructor and mograph artist Eran Stern starts by diving the history and origin of rotoscoping in film and video, providing the background for subsequent practical techniques. He shows how to transform video into natural art—from pencil sketches to Van Gogh paintings, claymation to chalkboard drawings, watercolors to graffiti, and ink blots, Legos, comic books, pastels, and much more. You can also find out how to use the same foundational techniques to isolate elements for compositing and visual effects work, and create simple character animations. Plus, explore the different software for rotoscoping, from Photoshop and After Effects to professional applications such as Mocha AE.",Course,2021-01-24 06:27 UTC,N/A,false,N/A,
Spring Boot 2.0 Essential Training,"Learn how to get started with Spring Boot 2.x, a powerful framework that can help you build web applications quickly, using less code. The Java-based programs you build in Spring Boot ""just run"": they resolve their own dependencies and create containers for running code in any environment. Learn how to use Spring Boot to build your projects in this course with software architect and Spring developer Frank Moley. Frank shows how to initialize, containerize, and run Spring Boot web apps and CLI apps, and use the library of common starter projects to fill business-critical needs: data, messaging, security, and more. Plus, find how to extend Spring Boot by creating your own starters and use the Actuator module's HTTP endpoints to monitor and manage your apps.",Course,2022-02-09 23:53 UTC,N/A,false,N/A,
JavaScript: Scope,"JavaScript scope determines how variables can be accessed throughout your code. There are two scopes: global and local. Global variables are accessible from anywhere; local variables are accessible only from within the function or block the variables are declared. Scope can be confusing, especially when factors such as hoisting and closures enter the mix. This course provides a thorough introduction to the scope options for JavaScript variables, alongside challenges that help you practice what you've learned. LinkedIn Learning instructor Emmanuel Henri helps you properly scope your variables, mitigate the effects of hoisting, and declare local variables inside non-function code such as if statements using block scope.",Course,2022-07-31 05:40 UTC,N/A,false,N/A,
Nano Tips for Using Excel with Miss Excel (2021),"Welcome to our <i>Nano Tips</i> series, where LinkedIn Learning creators deliver impactful lessons in literally seconds.<br><br>Here, join Miss Excel (aka Kat Norton)—a Microsoft MVP with 750,000+ followers on TikTok—as she shares tips and answers to common questions about Microsoft Excel, all set to a beat. Topics include fixing data in Excel (PivotTable), the filter function in Excel (VLOOKUP), VBA basics in Excel, and more. Each high-energy video offers up quick fixes for things you need to know right now about Excel and also prepares you for more in-depth learning.",Course,2022-01-26 16:11 UTC,N/A,false,N/A,
Learning Pix4D Drone Mapping,"Pix4D is a leader in small unmanned aerial system (sUAS or ""drone"") photogrammetry, building software that enables users to analyze complex image data and create orthomosaics and 3D models, all from photographs. With a drone, a camera, and the powerful processing engine in Pix4D, the science of photogrammetry is accessible to just about anyone. In this course, you can learn the basics of using Pix4D. Instructor Paul Tice explains how Pix4D pairs with different drones and cameras, and then shows how to program simple 2D missions for your drone with Pix4Dcapture. He then shows how to prepare for flight and retrieve the data and imagery once your drone has landed. In the last few chapters, Paul dives into Pix4D Desktop, where he shows how to process your data and produce outputs such as point clouds, 3D maps, and models. Plus, learn how to deal with large projects and turn the power of Pix4D onto architecture, engineering, and construction (AEC) data, such as 3D building scans.",Course,2022-05-21 06:32 UTC,N/A,false,N/A,
Learning Amazon Web Services (AWS) for Developers,"Amazon Web Services (AWS) is the leading cloud service provider today, ahead of competitors such as Microsoft Azure and Google Cloud Platform. It is seen by many as the standard for functional, reliable, interoperable, and affordable cloud services. Developers need to understand what it means to develop on and migrate to the cloud—and comprehend the overall landscape of AWS before diving into the platform. This course provides a high-level overview just for developers, focusing on the AWS features and services of the most interest to them. Instructor Bear Cahill introduces AWS Lambda, DynamoDB, ElastiCache, Elastic Beanstalk, S3, SQS, SNS, and many more key features and services.",Course,2023-01-10 13:36 UTC,N/A,true,N/A,
Learning Docker (2018),"Docker is the next step beyond virtualization. A Docker image contains everything it needs to run, independent of the Linux server on which it lives: a copy of the operating system, a database, code, configuration files, dependencies, and so on. Images can also be packaged and shared with other Docker admins. Arthur Ulfeldt uses Docker to run complex systems with millions of users and hundreds of containers. Here, he shares his knowledge with you. He introduces the basics of Docker, including its containers, Dockerfiles (or base images), and capabilities for networking, data management, infrastructure optimization, and more. Watch and learn how to build your own containers, as well as how to network and link containers.",Course,2021-08-02 11:56 UTC,N/A,false,N/A,
JavaScript: Classes (2018),"The release of ECMAScript 2015 brought class syntax to JavaScript, providing developers used to class inheritance with some familiar tools. If you're new to the language—or just unsure how classes work in ECMAScript 6 (ES6)—then this course is for you. Join instructor Emmanuel Henri as he explains how classes work in ES6. He starts with the foundations of classes and how they interact with other JavaScript features. He then goes over constructors, mixins, and extends, explaining how they work and sharing code examples.",Course,2019-11-09 05:56 UTC,N/A,false,N/A,
First Look: Python 3.9,"Python, like any modern language, is always evolving. In this course, instructor Claire Burn dives into Python 3.9, highlighting the new features, improvements, and deprecations packed into this release. Learn about the significant Python Enhancement Proposals (PEPs) included in Python 3.9, as well as how to distinguish which modules are new (and why they are notable). Discover which modules have been deprecated and why this was necessary. Plus, get tips for overcoming common challenges while porting from Python 2 to Python 3.9, or Python 3.x to Python 3.9.",Course,2021-04-21 11:03 UTC,N/A,false,N/A,
NLP with Python for Machine Learning Essential Training,"With the increased amount of data publicly available and the increased focus on unstructured text data, understanding how to clean, process, and analyze that text data is tremendously valuable. If you have some experience with Python and an interest in natural language processing (NLP), this course can provide you with the knowledge you need to tackle complex problems using machine learning. Instructor Derek Jedamski provides a quick summary of basic natural language processing (NLP) concepts, covers advanced data cleaning and vectorization techniques, and then takes a deep dive into building machine learning classifiers. During this last step, Derek shows how to build two different types of machine learning models, as well as how to evaluate and test variations of those models.",Course,2021-03-16 12:47 UTC,N/A,false,N/A,
Blender 2.91 Essential Training,"Blender is a powerful open-source solution for 2D and 3D modeling, animation, compositing, and post-production. In this course, get a thorough overview of the feature set in Blender 2.91 and beyond, as well as practical production techniques that combine know-how with a healthy dose of how-to. Instructor David Andrade dives into specific techniques, such as scene layout and modeling, sculpting, texturing and shading, 2D and 3D animation, character rigging, dynamic simulations, rendering, and game engine exporting. Plus, get performance-boosting tricks to get Blender to render your creations even faster. Each lesson helps you gain the control and skill you need to create professional artwork for multiple platforms: games, movies, and animation.",Course,2022-01-03 03:32 UTC,N/A,false,N/A,
SQL Server Machine Learning Services: Python,"Learn how to analyze SQL Server data with Python. Database expert Adam Wilbert shows how to use a powerful combination of tools, including high-performance Python libraries and the Machine Learning Services add-on, directly inside SQL Server to streamline analysis. Adam shows how to use Python scripts to perform statistical analysis, generate graphics such as scatterplots and bar charts, and process tabular data. He also explains how to turn a Python script into a stored procedure and set up standalone ML services to execute scripts without impacting SQL Server performance.",Course,2021-06-06 08:46 UTC,N/A,false,N/A,
Writing a Tech Resume,"When you apply for technology jobs, your resume is your opportunity to stand out from the crowd. Emma Bostian shows you how to showcase your technology skills, framing them to impress recruiters and potential employers. Discover how to tailor the content and length to catch a hiring manager’s eye. Learn how to leverage minor design details like spacing, font choice, and color palette to differentiate your resume from the rest, without stepping too far out. Plus, learn how to create a professional online presence on the platforms tech recruiters use most: LinkedIn and GitHub.",Course,2022-01-19 03:26 UTC,N/A,false,N/A,
Figure Drawing: Tonal Rendering,"How can you make a good figure drawing into a great figure drawing? Give it drama with tonal rendering. This course—taught on the iPad Pro—provides you with step-by-step demonstrations that can help you enhance the dimensionality and drama of your figure drawings using tonal rendering techniques. Instructor Amy Wynne starts by demonstrating how to create a five-part tonal gradient, and then shows how to apply this to simple 3D geometric shapes such as an egg, a cylinder, and a block; these shapes serve as the building blocks for constructing your figures. Amy also shows how to build the figure from the inside out—from structure to tonality—and apply silhouette and camouflage using inspiring master drawings as examples. Upon completing this course, you'll be equipped with a few simple techniques that can help you add beautiful lights and shadows to your figure sketches.",Course,2020-10-09 05:21 UTC,N/A,false,N/A,
Building Modern Projects with React,"Learn about some of the most important tools in the React ecosystem that help you simplify development and manage the complexities of state, side effects, structure, and styling. Instructor Shaun Wassell shows how to create a basic React project, and then explains how to add Redux, create thunks, use selectors, work with styled-components, perform testing, and more.",Course,2021-09-22 01:37 UTC,N/A,false,N/A,
Python Essential Training (2022),"Python is one of the most used dynamic languages for many large organizations, including Google, Yahoo, and IBM. Supported on all major operating systems, it comes pre-installed on Macs, and most Linux and Unix-based systems. In this course, instructor Ryan Mitchell gives you a comprehensive, accessible overview of Python 3. Ryan covers topics required for day-to-day programming in Python, including data types, data structures, operators and statements, control flow, loops, functions, classes, exception handling, and file management. If you’re just starting out on a computer programming journey and want to learn how to write Python programs to accomplish a wide variety of tasks, join Ryan in this course to start building a solid foundation to a Python career.",Course,2022-09-13 13:39 UTC,N/A,false,N/A,
Kubernetes: Microservices,"Build scalable and reliable microservices with Kubernetes. Kubernetes is a popular DevOps tool for managing containers at scale. Microservices allow developers to deploy individual app components, enabling continuous integration and increased fault tolerance. This course teaches how these technologies combine—culminating in a real-world microservices application hosted in a Kubernetes environment. Instructor Karthik Gaekwad describes the benefits of microservices and shows how they can be implemented inside the container-based architecture paradigm. Using an existing monolithic application, he breaks down its functionality, adds Kubernetes constructs, and deploys the new services into a Kubernetes environment with Minikube. Finally, Karthik introduces tools such as Helm and Jaeger, which are used along with Kubernetes to build more resilient microservices.",Course,2020-10-27 07:49 UTC,N/A,false,N/A,
Learning Kubernetes (2018),"Kubernetes is the world's most popular open-source container orchestration engine. It offers the ability to schedule and manage containers—Docker or otherwise—at scale. This course introduces developers, DevOps engineers, and IT pros to Kubernetes. First, learn how to get a Kubernetes environment up and running on Mac or Windows using Minikube, and understand the components for Kubernetes. Next, deploy a sample Kubernetes application and manage it with the Kubernetes dashboard. Instructor Karthik Gaekwad also shows how to deploy a more complicated application with a database and APIs. Then learn how to run jobs and cron jobs. Finally, explore more advanced topics, including production deployments, namespaces, monitoring and logging, and authentication and authorization.",Course,2021-09-07 07:42 UTC,N/A,false,N/A,
Python Essential Training (2018),"Due to its power and simplicity, Python has become the scripting language of choice for many large organizations, including Google, Yahoo, and IBM. A thorough understanding of Python 3, the latest version, will help you write more efficient and effective scripts. In this course, Bill Weinman demonstrates how to use Python 3 to create well-designed scripts and maintain existing projects. This course covers the basics of the language syntax and usage, as well as advanced features such as objects, generators, and exceptions. Learn how types and values are related to objects; how to use control statements, loops, and functions; and how to work with generators and decorators. Bill also introduces the Python module system and shows examples of Python scripting at work in a real-world application.",Course,2020-10-22 03:32 UTC,N/A,false,N/A,
Scrum: The Basics,"If you've spent any time in the project management world, you've likely heard of scrum—the popular framework for managing complex processes. If this mysterious-sounding framework has piqued your interest, this course can help provide you with a basic understanding of what scrum is and how you can start implementing it at work. Follow scrum expert Kelley O'Connell as she walks through why scrum has taken the business world by storm, and how it asks you to organize your team and work. Plus, she explains how to manage your projects and measure how they're faring, and set manageable improvement goals.",Course,2021-04-05 13:49 UTC,N/A,false,N/A,
