savedItem,createdTime
https://www.linkedin.com/feed/update/urn:li:activity:7045061745194749952,2023-03-25 06:43:09
https://www.linkedin.com/feed/update/urn:li:activity:7043447111400460288,2023-03-21 09:06:23
https://www.linkedin.com/feed/update/urn:li:activity:7035439739591659520,2023-02-26 06:46:43
https://www.linkedin.com/feed/update/urn:li:activity:7023608972574097408,2023-01-24 12:05:38
https://www.linkedin.com/feed/update/urn:li:activity:7001592357536104448,2022-11-25 02:00:10
https://www.linkedin.com/feed/update/urn:li:activity:7001178836759363584,2022-11-24 00:22:45
https://www.linkedin.com/feed/update/urn:li:activity:7001146940453216256,2022-11-23 15:41:53
https://www.linkedin.com/feed/update/urn:li:activity:7000703810553745408,2022-11-22 14:45:48
https://www.linkedin.com/feed/update/urn:li:activity:6984825812671750144,2022-10-09 17:05:09
https://www.linkedin.com/feed/update/urn:li:activity:6981810434446102529,2022-10-02 00:54:15
https://www.linkedin.com/feed/update/urn:li:activity:6980540785158995969,2022-09-30 04:53:20
https://www.linkedin.com/feed/update/urn:li:activity:6977585079388692480,2022-09-19 14:45:02
https://www.linkedin.com/feed/update/urn:li:activity:6968138263484104704,2022-08-24 13:59:13
https://www.linkedin.com/feed/update/urn:li:activity:6968075988136075264,2022-08-24 07:31:39
https://www.linkedin.com/feed/update/urn:li:activity:6966644162028871680,2022-08-20 14:05:18
https://www.linkedin.com/feed/update/urn:li:activity:6966444655534047232,2022-08-20 00:14:04
https://www.linkedin.com/feed/update/urn:li:activity:6963311666402922498,2022-08-11 03:42:53
https://www.linkedin.com/feed/update/urn:li:activity:6961546639924707328,2022-08-07 08:55:24
https://www.linkedin.com/feed/update/urn:li:activity:6959111118749368321,2022-07-31 04:22:29
https://www.linkedin.com/feed/update/urn:li:activity:6959117845225996288,2022-07-30 12:57:33
https://www.linkedin.com/feed/update/urn:li:activity:6958111901977354240,2022-07-29 23:25:58
https://www.linkedin.com/feed/update/urn:li:activity:6958743791604240384,2022-07-29 23:21:51
https://www.linkedin.com/feed/update/urn:li:activity:6957674999033827328,2022-07-26 13:56:38
https://www.linkedin.com/feed/update/urn:li:activity:6946304825777094656,2022-07-23 05:13:26
https://www.linkedin.com/feed/update/urn:li:activity:6955946318699622401,2022-07-22 01:53:32
https://www.linkedin.com/feed/update/urn:li:activity:6951401322633920512,2022-07-19 00:14:57
https://www.linkedin.com/feed/update/urn:li:activity:6954750831090925568,2022-07-18 13:21:32
https://www.linkedin.com/feed/update/urn:li:activity:6954658319080857600,2022-07-18 13:15:50
https://www.linkedin.com/feed/update/urn:li:activity:6950165516443344896,2022-07-07 13:41:46
https://www.linkedin.com/feed/update/urn:li:activity:6946828835728289793,2022-06-26 14:39:15
https://www.linkedin.com/feed/update/urn:li:activity:6946383145441075200,2022-06-25 15:23:41
https://www.linkedin.com/feed/update/urn:li:activity:6945970520219615232,2022-06-25 03:01:06
https://www.linkedin.com/feed/update/urn:li:activity:6946085133816852480,2022-06-25 02:38:07
https://www.linkedin.com/feed/update/urn:li:activity:6943534246292520960,2022-06-20 14:26:17
https://www.linkedin.com/feed/update/urn:li:activity:6943949562650755073,2022-06-20 13:44:06
https://www.linkedin.com/feed/update/urn:li:activity:6942957684597886976,2022-06-17 01:37:31
https://www.linkedin.com/feed/update/urn:li:activity:6940877684142915584,2022-06-10 04:24:33
https://www.linkedin.com/feed/update/urn:li:activity:6934340732237283328,2022-05-28 17:14:56
https://www.linkedin.com/feed/update/urn:li:activity:6935583986152800256,2022-05-28 04:12:36
https://www.linkedin.com/feed/update/urn:li:activity:6932589497998000129,2022-05-18 23:32:47
https://www.linkedin.com/feed/update/urn:li:activity:6931150237742882816,2022-05-14 15:14:57
https://www.linkedin.com/feed/update/urn:li:activity:6929630594888851456,2022-05-14 15:11:12
https://www.linkedin.com/feed/update/urn:li:activity:6930839648881537025,2022-05-14 02:45:41
https://www.linkedin.com/feed/update/urn:li:activity:6928804773194321920,2022-05-08 07:56:44
https://www.linkedin.com/feed/update/urn:li:activity:6928439455477288960,2022-05-07 16:41:45
https://www.linkedin.com/feed/update/urn:li:activity:6926874022416707584,2022-05-02 13:18:19
https://www.linkedin.com/feed/update/urn:li:activity:6926808618524692480,2022-05-02 09:45:39
https://www.linkedin.com/feed/update/urn:li:activity:6924445279131697152,2022-04-26 05:52:24
https://www.linkedin.com/feed/update/urn:li:activity:6922150386992631808,2022-04-19 18:28:12
https://www.linkedin.com/feed/update/urn:li:activity:6919701476332212224,2022-04-13 03:40:54
https://www.linkedin.com/feed/update/urn:li:activity:6919327377399431169,2022-04-11 21:49:11
https://www.linkedin.com/feed/update/urn:li:activity:6918813291385344000,2022-04-11 02:40:02
https://www.linkedin.com/feed/update/urn:li:activity:6918461717098160128,2022-04-09 10:12:57
https://www.linkedin.com/feed/update/urn:li:activity:6918393141343502336,2022-04-09 05:10:31
https://www.linkedin.com/feed/update/urn:li:activity:6918410375369564160,2022-04-09 04:53:47
https://www.linkedin.com/feed/update/urn:li:activity:6918184805129994240,2022-04-08 13:17:31
https://www.linkedin.com/feed/update/urn:li:activity:6918073138895347712,2022-04-08 07:33:03
https://www.linkedin.com/feed/update/urn:li:activity:6918062971432636416,2022-04-08 07:23:05
https://www.linkedin.com/feed/update/urn:li:activity:6917837026947928066,2022-04-08 01:39:30
https://www.linkedin.com/feed/update/urn:li:activity:6917324821211021312,2022-04-06 04:49:05
https://www.linkedin.com/feed/update/urn:li:activity:6917041465156120577,2022-04-05 14:30:43
https://www.linkedin.com/feed/update/urn:li:activity:6916788525614927872,2022-04-05 05:05:03
https://www.linkedin.com/feed/update/urn:li:activity:6916584867392581632,2022-04-05 05:03:41
https://www.linkedin.com/feed/update/urn:li:activity:6913881969281961984,2022-04-05 00:19:28
https://www.linkedin.com/feed/update/urn:li:activity:6916654602633326592,2022-04-05 00:15:57
https://www.linkedin.com/feed/update/urn:li:activity:6916649933970247680,2022-04-05 00:02:45
https://www.linkedin.com/feed/update/urn:li:activity:6916549212604121088,2022-04-04 03:53:46
https://www.linkedin.com/feed/update/urn:li:activity:6916010572354375680,2022-04-03 08:24:22
https://www.linkedin.com/feed/update/urn:li:activity:6910365998592241664,2022-04-03 03:25:21
https://www.linkedin.com/feed/update/urn:li:activity:6915972328749162496,2022-04-02 13:47:50
https://www.linkedin.com/feed/update/urn:li:activity:6911009273074315264,2022-04-01 16:37:32
https://www.linkedin.com/feed/update/urn:li:activity:6915149930454016000,2022-03-31 23:35:28
https://www.linkedin.com/feed/update/urn:li:activity:6915331839872090112,2022-03-31 16:32:09
https://www.linkedin.com/feed/update/urn:li:activity:6915177961969127424,2022-03-31 09:24:21
https://www.linkedin.com/feed/update/urn:li:activity:6914848607003144192,2022-03-30 09:29:12
https://www.linkedin.com/feed/update/urn:li:activity:6914506316304531456,2022-03-29 12:07:00
https://www.linkedin.com/feed/update/urn:li:activity:6914093369203830784,2022-03-28 07:42:01
https://www.linkedin.com/feed/update/urn:li:activity:6913167980063305728,2022-03-26 06:40:23
https://www.linkedin.com/feed/update/urn:li:activity:6913324731467268096,2022-03-26 05:12:25
https://www.linkedin.com/feed/update/urn:li:activity:6911947644244250624,2022-03-22 13:02:08
https://www.linkedin.com/feed/update/urn:li:activity:6911692259486781442,2022-03-21 16:45:17
https://www.linkedin.com/feed/update/urn:li:activity:6910896097666220033,2022-03-19 18:19:55
https://www.linkedin.com/feed/update/urn:li:activity:6910443969126551552,2022-03-18 17:27:50
https://www.linkedin.com/feed/update/urn:li:activity:6910187873036054528,2022-03-17 15:06:02
https://www.linkedin.com/feed/update/urn:li:activity:6909515316741988352,2022-03-15 23:55:19
https://www.linkedin.com/feed/update/urn:li:activity:6909373759153963008,2022-03-15 06:01:23
https://www.linkedin.com/feed/update/urn:li:activity:6909166302540550144,2022-03-15 04:11:12
https://www.linkedin.com/feed/update/urn:li:activity:6907368452965695488,2022-03-15 03:50:34
https://www.linkedin.com/feed/update/urn:li:activity:6908790353076322304,2022-03-13 16:41:19
https://www.linkedin.com/feed/update/urn:li:activity:6908781200102567936,2022-03-13 14:32:00
https://www.linkedin.com/feed/update/urn:li:activity:6908727527591018496,2022-03-13 13:21:44
https://www.linkedin.com/feed/update/urn:li:activity:6908655611756605441,2022-03-13 06:33:49
https://www.linkedin.com/feed/update/urn:li:activity:6906643142968262656,2022-03-13 04:16:12
https://www.linkedin.com/feed/update/urn:li:activity:6907514688490360832,2022-03-11 13:29:16
https://www.linkedin.com/feed/update/urn:li:activity:6907023181727571969,2022-03-09 03:07:02
https://www.linkedin.com/feed/update/urn:li:activity:6906957946069114880,2022-03-08 14:12:30
https://www.linkedin.com/feed/update/urn:li:activity:6906882939800670208,2022-03-08 08:48:53
https://www.linkedin.com/feed/update/urn:li:activity:6902441083918508032,2022-03-06 05:11:44
https://www.linkedin.com/feed/update/urn:li:activity:6905374404919066624,2022-03-04 07:01:35
https://www.linkedin.com/feed/update/urn:li:activity:6905140779090542592,2022-03-04 02:05:02
https://www.linkedin.com/feed/update/urn:li:activity:6904850209713602560,2022-03-03 00:54:04
https://www.linkedin.com/feed/update/urn:li:activity:6904823763951849473,2022-03-02 16:47:02
https://www.linkedin.com/feed/update/urn:li:activity:6904726907666186240,2022-03-02 11:24:47
https://www.linkedin.com/feed/update/urn:li:activity:6904699714445340672,2022-03-02 09:21:00
https://www.linkedin.com/feed/update/urn:li:activity:6904648517340459008,2022-03-02 06:27:18
https://www.linkedin.com/feed/update/urn:li:activity:6904331280083689472,2022-03-01 10:28:01
https://www.linkedin.com/feed/update/urn:li:activity:6904026995752087552,2022-03-01 10:27:36
https://www.linkedin.com/feed/update/urn:li:activity:6904358648181510144,2022-03-01 10:14:45
https://www.linkedin.com/feed/update/urn:li:activity:6904288651841282048,2022-03-01 07:02:31
https://www.linkedin.com/feed/update/urn:li:activity:6904088056941420545,2022-02-28 23:18:44
https://www.linkedin.com/feed/update/urn:li:activity:6904070058402729984,2022-02-28 17:34:08
https://www.linkedin.com/feed/update/urn:li:activity:6904069965687648257,2022-02-28 15:07:20
https://www.linkedin.com/feed/update/urn:li:activity:6904017202463219712,2022-02-28 15:05:22
https://www.linkedin.com/feed/update/urn:li:activity:6903996334630690816,2022-02-28 10:52:50
https://www.linkedin.com/feed/update/urn:li:activity:6903573387159969792,2022-02-27 14:50:28
https://www.linkedin.com/feed/update/urn:li:activity:6903314229248503808,2022-02-26 15:38:45
https://www.linkedin.com/feed/update/urn:li:activity:6903242623272726528,2022-02-26 13:46:47
https://www.linkedin.com/feed/update/urn:li:activity:6903313802897498112,2022-02-26 13:45:29
https://www.linkedin.com/feed/update/urn:li:activity:6902973018121801729,2022-02-25 17:55:23
https://www.linkedin.com/feed/update/urn:li:activity:6902974966124679169,2022-02-25 17:45:10
https://www.linkedin.com/feed/update/urn:li:activity:6902494857592410112,2022-02-24 06:45:59
https://www.linkedin.com/feed/update/urn:li:activity:6902461215222964224,2022-02-24 06:16:12
https://www.linkedin.com/feed/update/urn:li:activity:6902465906149011456,2022-02-24 06:15:54
https://www.linkedin.com/feed/update/urn:li:activity:6902225343797702657,2022-02-23 16:50:02
https://www.linkedin.com/feed/update/urn:li:activity:6902286209389875200,2022-02-23 16:43:55
https://www.linkedin.com/feed/update/urn:li:activity:6902086750731149312,2022-02-23 11:31:10
https://www.linkedin.com/feed/update/urn:li:activity:6902104614121148416,2022-02-23 07:59:29
https://www.linkedin.com/feed/update/urn:li:activity:6902105659022602240,2022-02-23 04:47:37
https://www.linkedin.com/feed/update/urn:li:activity:6901907753741160448,2022-02-22 16:26:03
https://www.linkedin.com/feed/update/urn:li:activity:6901288358849474560,2022-02-21 02:41:53
https://www.linkedin.com/feed/update/urn:li:activity:6901174897150943232,2022-02-21 02:35:02
https://www.linkedin.com/feed/update/urn:li:activity:6901214793584275456,2022-02-20 17:23:59
https://www.linkedin.com/feed/update/urn:li:activity:6901099147634499584,2022-02-20 09:52:52
https://www.linkedin.com/feed/update/urn:li:activity:6900770023212683264,2022-02-19 17:15:12
https://www.linkedin.com/feed/update/urn:li:activity:6900725807816196096,2022-02-19 11:45:18
https://www.linkedin.com/feed/update/urn:li:activity:6900660314539728896,2022-02-19 09:11:07
https://www.linkedin.com/feed/update/urn:li:activity:6900545445245124608,2022-02-18 23:38:16
https://www.linkedin.com/feed/update/urn:li:activity:6900417138255835136,2022-02-18 16:11:44
https://www.linkedin.com/feed/update/urn:li:activity:6900431410801238016,2022-02-18 16:11:00
https://www.linkedin.com/feed/update/urn:li:activity:6900204744212656128,2022-02-18 02:35:43
https://www.linkedin.com/feed/update/urn:li:activity:6900042179251638272,2022-02-17 12:13:59
https://www.linkedin.com/feed/update/urn:li:activity:6899990375679762432,2022-02-17 09:39:44
https://www.linkedin.com/feed/update/urn:li:activity:6899598246860214273,2022-02-16 08:56:53
https://www.linkedin.com/feed/update/urn:li:activity:6899634236316360704,2022-02-16 08:51:21
https://www.linkedin.com/feed/update/urn:li:activity:6899580432099233792,2022-02-16 05:22:08
https://www.linkedin.com/feed/update/urn:li:activity:6899568308950040576,2022-02-16 04:29:02
https://www.linkedin.com/feed/update/urn:li:activity:6899265399569940480,2022-02-15 08:30:36
https://www.linkedin.com/feed/update/urn:li:activity:6899213212508651520,2022-02-15 08:16:47
https://www.linkedin.com/feed/update/urn:li:activity:6899033020402409472,2022-02-14 23:19:38
https://www.linkedin.com/feed/update/urn:li:activity:6899015695355527168,2022-02-14 17:13:18
https://www.linkedin.com/feed/update/urn:li:activity:6898890424866742272,2022-02-14 08:48:46
https://www.linkedin.com/feed/update/urn:li:activity:6898579721102446592,2022-02-13 15:46:18
https://www.linkedin.com/feed/update/urn:li:activity:6898214599867658241,2022-02-12 12:38:51
https://www.linkedin.com/feed/update/urn:li:activity:6898237133375823872,2022-02-12 12:34:52
https://www.linkedin.com/feed/update/urn:li:activity:6896151234768699392,2022-02-12 06:13:15
https://www.linkedin.com/feed/update/urn:li:activity:6898141684396367874,2022-02-12 05:57:12
https://www.linkedin.com/feed/update/urn:li:article:8717297808164231063,2022-02-12 03:46:54
https://www.linkedin.com/feed/update/urn:li:activity:6896768381219860480,2022-02-11 23:47:39
https://www.linkedin.com/feed/update/urn:li:activity:6897553692640329728,2022-02-10 17:32:00
https://www.linkedin.com/feed/update/urn:li:activity:6897517465669033984,2022-02-10 14:41:02
https://www.linkedin.com/feed/update/urn:li:activity:6897521670492422144,2022-02-10 14:34:51
https://www.linkedin.com/feed/update/urn:li:activity:6897501687074951168,2022-02-10 14:29:10
https://www.linkedin.com/feed/update/urn:li:activity:6897086482809438208,2022-02-09 08:14:32
https://www.linkedin.com/feed/update/urn:li:activity:6897061346454704128,2022-02-09 07:58:48
https://www.linkedin.com/feed/update/urn:li:activity:6896879776309612544,2022-02-09 03:52:00
https://www.linkedin.com/feed/update/urn:li:activity:6896140032097550336,2022-02-07 02:24:11
https://www.linkedin.com/feed/update/urn:li:activity:6896123190570299392,2022-02-06 17:02:47
https://www.linkedin.com/feed/update/urn:li:activity:6896039129885605889,2022-02-06 16:06:11
https://www.linkedin.com/feed/update/urn:li:activity:6895746611360653312,2022-02-06 02:11:07
https://www.linkedin.com/feed/update/urn:li:activity:6895620464518275072,2022-02-06 02:03:43
https://www.linkedin.com/feed/update/urn:li:activity:6892911526664036353,2022-02-04 17:42:45
https://www.linkedin.com/feed/update/urn:li:activity:6894577401834160128,2022-02-03 13:44:36
https://www.linkedin.com/feed/update/urn:li:activity:6894850788443987968,2022-02-03 08:52:12
https://www.linkedin.com/feed/update/urn:li:activity:6894707086215774208,2022-02-03 01:09:33
https://www.linkedin.com/feed/update/urn:li:activity:6894694291080396800,2022-02-03 01:09:24
https://www.linkedin.com/feed/update/urn:li:activity:6894630500196073472,2022-02-02 14:11:43
https://www.linkedin.com/feed/update/urn:li:activity:6894588937655197697,2022-02-02 11:08:15
https://www.linkedin.com/feed/update/urn:li:activity:6890654934186954752,2022-02-01 11:01:33
https://www.linkedin.com/feed/update/urn:li:activity:6894125974913699840,2022-02-01 04:30:27
https://www.linkedin.com/feed/update/urn:li:activity:6893949737578442752,2022-01-31 17:23:57
https://www.linkedin.com/feed/update/urn:li:activity:6893960689669787648,2022-01-31 17:22:21
https://www.linkedin.com/feed/update/urn:li:activity:6893565638691172352,2022-01-30 15:24:20
https://www.linkedin.com/feed/update/urn:li:activity:6893243835968012288,2022-01-30 02:09:40
https://www.linkedin.com/feed/update/urn:li:activity:6892056366362587136,2022-01-28 11:28:31
https://www.linkedin.com/feed/update/urn:li:activity:6891998793340895232,2022-01-26 18:01:42
https://www.linkedin.com/feed/update/urn:li:activity:6892060796671901696,2022-01-26 17:54:43
https://www.linkedin.com/feed/update/urn:li:activity:6891728451594780673,2022-01-25 17:27:37
https://www.linkedin.com/feed/update/urn:li:activity:6891779136025935872,2022-01-25 17:26:16
https://www.linkedin.com/feed/update/urn:li:activity:6891251872964190208,2022-01-25 04:20:07
https://www.linkedin.com/feed/update/urn:li:activity:6891384360604377088,2022-01-24 16:31:00
https://www.linkedin.com/feed/update/urn:li:activity:6889522003833966594,2022-01-23 08:01:59
https://www.linkedin.com/feed/update/urn:li:activity:6889815874648322048,2022-01-21 07:57:36
https://www.linkedin.com/feed/update/urn:li:activity:6890169885201195008,2022-01-21 06:20:11
https://www.linkedin.com/feed/update/urn:li:activity:6888188053400162304,2022-01-21 04:40:10
https://www.linkedin.com/feed/update/urn:li:activity:6889135971594579968,2022-01-19 03:28:24
https://www.linkedin.com/feed/update/urn:li:activity:6888790750042165248,2022-01-17 11:31:53
https://www.linkedin.com/feed/update/urn:li:activity:6888475263030702080,2022-01-17 04:41:39
https://www.linkedin.com/feed/update/urn:li:activity:6887989619183497217,2022-01-15 15:47:21
https://www.linkedin.com/feed/update/urn:li:activity:6886334813821788160,2022-01-15 03:10:53
https://www.linkedin.com/feed/update/urn:li:activity:6887734738971447296,2022-01-14 15:38:20
https://www.linkedin.com/feed/update/urn:li:activity:6887333659574095872,2022-01-13 16:36:10
https://www.linkedin.com/feed/update/urn:li:activity:6887002169191624704,2022-01-13 02:32:41
https://www.linkedin.com/feed/update/urn:li:activity:6886962319067291648,2022-01-12 11:02:16
https://www.linkedin.com/feed/update/urn:li:activity:6886691993255333888,2022-01-12 07:23:04
https://www.linkedin.com/feed/update/urn:li:activity:6886890746000080896,2022-01-12 06:52:58
https://www.linkedin.com/feed/update/urn:li:activity:6886675008186408961,2022-01-11 15:50:11
https://www.linkedin.com/feed/update/urn:li:activity:6886351115546320896,2022-01-10 18:12:53
https://www.linkedin.com/feed/update/urn:li:activity:6886216551733755904,2022-01-10 12:45:45
https://www.linkedin.com/feed/update/urn:li:activity:6884748169201098752,2022-01-06 10:37:34
https://www.linkedin.com/feed/update/urn:li:activity:6884532539189452800,2022-01-05 18:50:53
https://www.linkedin.com/feed/update/urn:li:activity:6884357363122483200,2022-01-05 12:43:54
https://www.linkedin.com/feed/update/urn:li:activity:6884377094739099648,2022-01-05 11:33:30
https://www.linkedin.com/feed/update/urn:li:activity:6883679390006308864,2022-01-03 08:31:13
https://www.linkedin.com/feed/update/urn:li:activity:6883509358437646336,2022-01-03 08:01:19
https://www.linkedin.com/feed/update/urn:li:activity:6882220876796850176,2021-12-30 17:43:16
https://www.linkedin.com/feed/update/urn:li:activity:6881237001408933888,2021-12-28 02:05:24
https://www.linkedin.com/feed/update/urn:li:activity:6881289782916337665,2021-12-28 02:01:33
https://www.linkedin.com/feed/update/urn:li:activity:6881353140118011904,2021-12-28 02:00:38
https://www.linkedin.com/feed/update/urn:li:activity:6881241951212044288,2021-12-28 01:56:55
https://www.linkedin.com/feed/update/urn:li:activity:6880828175614517248,2021-12-27 01:17:31
https://www.linkedin.com/feed/update/urn:li:activity:6880423587858276352,2021-12-25 15:17:05
https://www.linkedin.com/feed/update/urn:li:activity:6879808566404931584,2021-12-24 03:04:00
https://www.linkedin.com/feed/update/urn:li:activity:6874606529639657472,2021-12-19 01:10:47
https://www.linkedin.com/feed/update/urn:li:activity:6877557660099731457,2021-12-18 10:59:52
https://www.linkedin.com/feed/update/urn:li:activity:6877782838561923072,2021-12-18 03:39:39
https://www.linkedin.com/feed/update/urn:li:activity:6877241988161400832,2021-12-17 03:21:47
https://www.linkedin.com/feed/update/urn:li:activity:6873681619442569216,2021-12-17 03:17:48
https://www.linkedin.com/feed/update/urn:li:activity:6875765483023532032,2021-12-17 02:22:03
https://www.linkedin.com/feed/update/urn:li:activity:6877404882249293824,2021-12-17 02:18:34
https://www.linkedin.com/feed/update/urn:li:activity:6877377165483102208,2021-12-17 02:06:36
https://www.linkedin.com/feed/update/urn:li:activity:6876771936953888768,2021-12-15 13:24:00
https://www.linkedin.com/feed/update/urn:li:activity:6673225424232964096,2021-12-09 01:43:40
https://www.linkedin.com/feed/update/urn:li:activity:6873592245686169601,2021-12-07 00:12:35
https://www.linkedin.com/feed/update/urn:li:activity:6873570118350315520,2021-12-07 00:06:13
https://www.linkedin.com/feed/update/urn:li:activity:6873433660553617408,2021-12-06 01:43:34
https://www.linkedin.com/feed/update/urn:li:activity:6869502881159020544,2021-12-06 01:39:29
https://www.linkedin.com/feed/update/urn:li:activity:6872210399031361536,2021-12-06 01:04:23
https://www.linkedin.com/feed/update/urn:li:activity:6871883911065026560,2021-12-06 00:57:17
https://www.linkedin.com/feed/update/urn:li:activity:6873280291398533120,2021-12-05 18:27:40
https://www.linkedin.com/feed/update/urn:li:activity:6871080036208791552,2021-12-05 17:23:38
https://www.linkedin.com/feed/update/urn:li:activity:6873228802462429184,2021-12-05 12:46:08
https://www.linkedin.com/feed/update/urn:li:activity:6873204686040784896,2021-12-05 12:33:55
https://www.linkedin.com/feed/update/urn:li:activity:6873173953809145856,2021-12-05 12:19:56
https://www.linkedin.com/feed/update/urn:li:activity:6870956196187148289,2021-12-04 16:48:53
https://www.linkedin.com/feed/update/urn:li:activity:6872696324228165632,2021-12-04 16:16:22
https://www.linkedin.com/feed/update/urn:li:activity:6871731787685601280,2021-12-04 16:15:17
https://www.linkedin.com/feed/update/urn:li:activity:6872141902716776448,2021-12-03 01:00:30
https://www.linkedin.com/feed/update/urn:li:activity:6871476264277032960,2021-12-01 08:16:58
https://www.linkedin.com/feed/update/urn:li:activity:6871281209314459648,2021-11-30 04:12:27
https://www.linkedin.com/feed/update/urn:li:activity:6871046819879669760,2021-11-29 13:16:25
https://www.linkedin.com/feed/update/urn:li:activity:6870984048668364800,2021-11-29 13:14:27
https://www.linkedin.com/feed/update/urn:li:activity:6870624209341595648,2021-11-28 11:21:02
https://www.linkedin.com/feed/update/urn:li:activity:6870509731455348736,2021-11-28 00:04:24
https://www.linkedin.com/feed/update/urn:li:activity:6870317629379358720,2021-11-27 17:30:37
https://www.linkedin.com/feed/update/urn:li:activity:6870374502505701376,2021-11-27 16:44:49
https://www.linkedin.com/feed/update/urn:li:activity:6870059359414689792,2021-11-27 06:54:25
https://www.linkedin.com/feed/update/urn:li:activity:6870251160717144064,2021-11-27 06:50:35
https://www.linkedin.com/feed/update/urn:li:activity:6869365563689443328,2021-11-25 00:30:54
https://www.linkedin.com/feed/update/urn:li:activity:6869364276809875456,2021-11-25 00:27:35
https://www.linkedin.com/feed/update/urn:li:activity:6869268986303942656,2021-11-24 15:25:58
https://www.linkedin.com/feed/update/urn:li:activity:6869238999953813504,2021-11-24 14:51:47
https://www.linkedin.com/feed/update/urn:li:activity:6868429962421002240,2021-11-24 14:47:51
https://www.linkedin.com/feed/update/urn:li:activity:6869110462336790528,2021-11-24 08:48:03
https://www.linkedin.com/feed/update/urn:li:activity:6865185817925693440,2021-11-23 16:21:35
https://www.linkedin.com/feed/update/urn:li:activity:6868072273723695105,2021-11-21 08:32:01
https://www.linkedin.com/feed/update/urn:li:activity:6867705533596614656,2021-11-20 06:40:21
https://www.linkedin.com/feed/update/urn:li:activity:6867322631587172352,2021-11-19 05:11:55
https://www.linkedin.com/feed/update/urn:li:activity:6867309880848523264,2021-11-19 04:38:03
https://www.linkedin.com/feed/update/urn:li:activity:6867099931778408448,2021-11-18 17:53:49
https://www.linkedin.com/feed/update/urn:li:activity:6866972858241830912,2021-11-18 13:32:48
https://www.linkedin.com/feed/update/urn:li:activity:6866912382082441216,2021-11-18 04:14:17
https://www.linkedin.com/feed/update/urn:li:activity:6866680563823120385,2021-11-18 04:11:17
https://www.linkedin.com/feed/update/urn:li:activity:6866633463135641600,2021-11-18 03:14:44
https://www.linkedin.com/feed/update/urn:li:activity:6866606711814393856,2021-11-17 14:03:01
https://www.linkedin.com/feed/update/urn:li:activity:6866676597974458368,2021-11-17 11:00:02
https://www.linkedin.com/feed/update/urn:li:activity:6859704857679454208,2021-11-16 15:38:07
https://www.linkedin.com/feed/update/urn:li:activity:6866358815349112833,2021-11-16 13:29:30
https://www.linkedin.com/feed/update/urn:li:activity:6866236485096550400,2021-11-16 13:19:56
https://www.linkedin.com/feed/update/urn:li:activity:6866012676955475968,2021-11-16 04:06:35
https://www.linkedin.com/feed/update/urn:li:activity:6862603365629751296,2021-11-15 13:06:24
https://www.linkedin.com/feed/update/urn:li:activity:6861165344745246721,2021-11-15 13:04:56
https://www.linkedin.com/feed/update/urn:li:activity:6865867870077820928,2021-11-15 12:39:54
https://www.linkedin.com/feed/update/urn:li:activity:6865901893881782272,2021-11-15 12:37:34
https://www.linkedin.com/feed/update/urn:li:activity:6865883801164353536,2021-11-15 06:44:54
https://www.linkedin.com/feed/update/urn:li:activity:6864437815489507329,2021-11-15 04:22:16
https://www.linkedin.com/feed/update/urn:li:activity:6865657566291116032,2021-11-14 15:52:22
https://www.linkedin.com/feed/update/urn:li:activity:6865625694156689408,2021-11-14 15:22:01
https://www.linkedin.com/feed/update/urn:li:activity:6865538924815749120,2021-11-14 15:13:18
https://www.linkedin.com/feed/update/urn:li:activity:6865640471998427136,2021-11-14 15:09:26
https://www.linkedin.com/feed/update/urn:li:activity:6865522724241076224,2021-11-14 09:34:13
https://www.linkedin.com/feed/update/urn:li:activity:6865517403376242688,2021-11-14 08:24:26
https://www.linkedin.com/feed/update/urn:li:activity:6865463724434604032,2021-11-14 04:37:09
https://www.linkedin.com/feed/update/urn:li:activity:6865187231599087616,2021-11-13 12:17:02
https://www.linkedin.com/feed/update/urn:li:activity:6862988944603197440,2021-11-13 12:13:27
https://www.linkedin.com/feed/update/urn:li:activity:6864242805775077376,2021-11-13 02:05:27
https://www.linkedin.com/feed/update/urn:li:activity:6864949452604633088,2021-11-12 18:40:29
https://www.linkedin.com/feed/update/urn:li:activity:6864910796200267776,2021-11-12 15:52:39
https://www.linkedin.com/feed/update/urn:li:activity:6864751550011731968,2021-11-12 10:16:39
https://www.linkedin.com/feed/update/urn:li:activity:6864540069521350656,2021-11-12 03:00:35
https://www.linkedin.com/feed/update/urn:li:activity:6864070989790240768,2021-11-10 10:37:32
https://www.linkedin.com/feed/update/urn:li:activity:6864039364784218112,2021-11-10 06:49:47
https://www.linkedin.com/feed/update/urn:li:activity:6863773901986652160,2021-11-09 13:02:24
https://www.linkedin.com/feed/update/urn:li:activity:6861344194418552832,2021-11-08 11:59:05
https://www.linkedin.com/feed/update/urn:li:activity:6862336384389136384,2021-11-05 10:44:50
https://www.linkedin.com/feed/update/urn:li:activity:6862199754856697856,2021-11-05 07:18:52
https://www.linkedin.com/feed/update/urn:li:activity:6862085354996973568,2021-11-04 19:05:28
https://www.linkedin.com/feed/update/urn:li:activity:6860466785196523520,2021-11-01 08:00:45
https://www.linkedin.com/feed/update/urn:li:activity:6860659472730202113,2021-11-01 07:59:31
https://www.linkedin.com/feed/update/urn:li:activity:6860471896509624320,2021-10-31 16:55:50
https://www.linkedin.com/feed/update/urn:li:activity:6860186799554236417,2021-10-30 19:24:01
https://www.linkedin.com/feed/update/urn:li:activity:6859859664117620736,2021-10-29 17:20:25
https://www.linkedin.com/feed/update/urn:li:activity:6859800099095162880,2021-10-29 17:06:58
https://www.linkedin.com/feed/update/urn:li:activity:6859522583168212993,2021-10-29 02:56:48
https://www.linkedin.com/feed/update/urn:li:activity:6859328466668675072,2021-10-29 02:43:27
https://www.linkedin.com/feed/update/urn:li:activity:6859473281821523968,2021-10-29 02:40:36
https://www.linkedin.com/feed/update/urn:li:activity:6761001025630470144,2021-10-29 02:31:18
https://www.linkedin.com/feed/update/urn:li:activity:6859527167399882752,2021-10-29 02:29:35
https://www.linkedin.com/feed/update/urn:li:activity:6859182816773713920,2021-10-27 19:53:56
https://www.linkedin.com/feed/update/urn:li:activity:6859057359625576448,2021-10-27 11:07:16
https://www.linkedin.com/feed/update/urn:li:activity:6858675220493021184,2021-10-26 08:34:45
https://www.linkedin.com/feed/update/urn:li:activity:6858366601943674880,2021-10-26 02:03:23
https://www.linkedin.com/feed/update/urn:li:activity:6858254415963521024,2021-10-25 12:32:26
https://www.linkedin.com/feed/update/urn:li:activity:6858277933887434752,2021-10-25 06:35:07
https://www.linkedin.com/feed/update/urn:li:activity:6858260346361270272,2021-10-25 05:05:59
https://www.linkedin.com/feed/update/urn:li:activity:6858006952333733889,2021-10-25 02:11:07
https://www.linkedin.com/feed/update/urn:li:activity:6858086234288480256,2021-10-25 02:04:17
https://www.linkedin.com/feed/update/urn:li:activity:6857239087867297792,2021-10-24 08:11:32
https://www.linkedin.com/feed/update/urn:li:activity:6857176787546456065,2021-10-24 01:18:38
https://www.linkedin.com/feed/update/urn:li:activity:6857509901493788672,2021-10-24 01:16:16
https://www.linkedin.com/feed/update/urn:li:activity:6857456996527022080,2021-10-24 00:59:20
https://www.linkedin.com/feed/update/urn:li:activity:6856492314727211008,2021-10-20 15:30:34
https://www.linkedin.com/feed/update/urn:li:activity:6856233142349524993,2021-10-20 02:43:10
https://www.linkedin.com/feed/update/urn:li:activity:6853880204679618560,2021-10-20 02:40:15
https://www.linkedin.com/feed/update/urn:li:activity:6856247403859865600,2021-10-20 02:31:19
https://www.linkedin.com/feed/update/urn:li:activity:6855730868951011329,2021-10-20 02:27:12
https://www.linkedin.com/feed/update/urn:li:activity:6856249628409630720,2021-10-20 02:22:26
https://www.linkedin.com/feed/update/urn:li:article:6949568029456147996,2021-10-20 02:22:14
https://www.linkedin.com/feed/update/urn:li:activity:6856218340910882817,2021-10-19 14:54:13
https://www.linkedin.com/feed/update/urn:li:activity:6855751101132611584,2021-10-18 11:49:23
https://www.linkedin.com/feed/update/urn:li:activity:6855727586165739520,2021-10-18 09:37:36
https://www.linkedin.com/feed/update/urn:li:activity:6855335543774044160,2021-10-17 04:02:35
https://www.linkedin.com/feed/update/urn:li:activity:6855213968387051520,2021-10-17 01:35:59
https://www.linkedin.com/feed/update/urn:li:activity:6852545526743736320,2021-10-16 15:42:31
https://www.linkedin.com/feed/update/urn:li:activity:6854935492392316928,2021-10-16 14:08:55
https://www.linkedin.com/feed/update/urn:li:activity:6855113351488512000,2021-10-16 13:57:09
https://www.linkedin.com/feed/update/urn:li:activity:6855056770310672384,2021-10-16 11:20:25
https://www.linkedin.com/feed/update/urn:li:activity:6854990518770917376,2021-10-16 07:14:48
https://www.linkedin.com/feed/update/urn:li:activity:6854642670451650560,2021-10-15 11:47:36
https://www.linkedin.com/feed/update/urn:li:activity:6854702316449341440,2021-10-15 11:44:07
https://www.linkedin.com/feed/update/urn:li:activity:6853420736518991872,2021-10-14 18:25:24
https://www.linkedin.com/feed/update/urn:li:activity:6854453046932582400,2021-10-14 16:57:55
https://www.linkedin.com/feed/update/urn:li:activity:6854374193341964288,2021-10-14 15:49:44
https://www.linkedin.com/feed/update/urn:li:activity:6854417623925477378,2021-10-14 15:36:43
https://www.linkedin.com/feed/update/urn:li:activity:6854344894870278144,2021-10-14 13:55:09
https://www.linkedin.com/feed/update/urn:li:activity:6854119653468344320,2021-10-14 04:41:40
https://www.linkedin.com/feed/update/urn:li:activity:6854030482791809024,2021-10-14 02:41:48
https://www.linkedin.com/feed/update/urn:li:activity:6854217811942764544,2021-10-14 02:39:48
https://www.linkedin.com/feed/update/urn:li:activity:6852114904120463360,2021-10-14 02:34:12
https://www.linkedin.com/feed/update/urn:li:activity:6854041532618674176,2021-10-13 18:14:11
https://www.linkedin.com/feed/update/urn:li:activity:6854111942215380992,2021-10-13 18:13:54
https://www.linkedin.com/feed/update/urn:li:activity:6854105998794338304,2021-10-13 18:09:50
https://www.linkedin.com/feed/update/urn:li:activity:6853987803819196417,2021-10-13 13:20:15
https://www.linkedin.com/feed/update/urn:li:activity:6852496779858997248,2021-10-13 01:26:51
https://www.linkedin.com/feed/update/urn:li:activity:6853697221716770816,2021-10-12 15:49:11
https://www.linkedin.com/feed/update/urn:li:activity:6851919238962257920,2021-10-09 13:34:57
https://www.linkedin.com/feed/update/urn:li:activity:6852575949079347200,2021-10-09 13:19:12
https://www.linkedin.com/feed/update/urn:li:activity:6852289148993232896,2021-10-09 01:59:58
https://www.linkedin.com/feed/update/urn:li:activity:6852288530379603968,2021-10-08 18:10:44
https://www.linkedin.com/feed/update/urn:li:activity:6851931470894772224,2021-10-08 13:11:59
https://www.linkedin.com/feed/update/urn:li:activity:6852084016145948673,2021-10-08 10:29:55
https://www.linkedin.com/feed/update/urn:li:activity:6849683217021202432,2021-10-08 02:40:19
https://www.linkedin.com/feed/update/urn:li:activity:6848532623841746944,2021-10-08 02:26:31
https://www.linkedin.com/feed/update/urn:li:activity:6851775564156669952,2021-10-07 07:42:19
https://www.linkedin.com/feed/update/urn:li:activity:6851492666379771904,2021-10-06 16:38:36
https://www.linkedin.com/feed/update/urn:li:activity:6851523662386876416,2021-10-06 16:36:18
https://www.linkedin.com/feed/update/urn:li:activity:6851422229352263681,2021-10-06 11:05:52
https://www.linkedin.com/feed/update/urn:li:activity:6851462452782227456,2021-10-06 11:04:48
https://www.linkedin.com/feed/update/urn:li:activity:6851193870663880704,2021-10-06 09:27:23
https://www.linkedin.com/feed/update/urn:li:activity:6851161438799704064,2021-10-06 05:19:16
https://www.linkedin.com/feed/update/urn:li:activity:6850819136310833152,2021-10-05 12:11:28
https://www.linkedin.com/feed/update/urn:li:activity:6850667317316083712,2021-10-04 13:27:06
https://www.linkedin.com/feed/update/urn:li:activity:6850030720300187649,2021-10-03 01:50:37
https://www.linkedin.com/feed/update/urn:li:activity:6849291821789667328,2021-10-02 00:47:19
https://www.linkedin.com/feed/update/urn:li:activity:6849731287255699456,2021-10-01 19:29:48
https://www.linkedin.com/feed/update/urn:li:activity:6849709358893400065,2021-10-01 14:58:09
https://www.linkedin.com/feed/update/urn:li:activity:6849321061402710016,2021-09-30 18:52:04
https://www.linkedin.com/feed/update/urn:li:activity:6849312993285570560,2021-09-30 16:55:57
https://www.linkedin.com/feed/update/urn:li:activity:6849316712345546752,2021-09-30 12:27:24
https://www.linkedin.com/feed/update/urn:li:activity:6847915249044209664,2021-09-26 17:17:04
https://www.linkedin.com/feed/update/urn:li:activity:6847837958368718848,2021-09-26 17:16:20
https://www.linkedin.com/feed/update/urn:li:article:7562251103802163872,2021-09-26 17:16:06
https://www.linkedin.com/feed/update/urn:li:activity:6847799072422715392,2021-09-26 13:56:59
https://www.linkedin.com/feed/update/urn:li:activity:6847771584170647552,2021-09-26 13:47:31
https://www.linkedin.com/feed/update/urn:li:activity:6847635941763399680,2021-09-26 13:46:24
https://www.linkedin.com/feed/update/urn:li:activity:6845965705699966976,2021-09-25 03:15:13
https://www.linkedin.com/feed/update/urn:li:activity:6847230407381979136,2021-09-24 18:23:27
https://www.linkedin.com/feed/update/urn:li:activity:6847206246173552640,2021-09-24 16:57:16
https://www.linkedin.com/feed/update/urn:li:activity:6846798485199683584,2021-09-24 14:49:49
https://www.linkedin.com/feed/update/urn:li:activity:6846778493984935936,2021-09-24 14:45:22
https://www.linkedin.com/feed/update/urn:li:activity:6847153382373892096,2021-09-24 14:40:45
https://www.linkedin.com/feed/update/urn:li:activity:6847141526318010368,2021-09-24 14:38:58
https://www.linkedin.com/feed/update/urn:li:activity:6847168856847347712,2021-09-24 14:19:20
https://www.linkedin.com/feed/update/urn:li:activity:6846445792895475712,2021-09-22 17:40:37
https://www.linkedin.com/feed/update/urn:li:activity:6846448779042791424,2021-09-22 17:38:18
https://www.linkedin.com/feed/update/urn:li:activity:6846444487120707584,2021-09-22 17:37:51
https://www.linkedin.com/feed/update/urn:li:activity:6846421503836348416,2021-09-22 17:31:53
https://www.linkedin.com/feed/update/urn:li:activity:6846411855028715520,2021-09-22 12:40:35
https://www.linkedin.com/feed/update/urn:li:activity:6846411679220281344,2021-09-22 12:35:54
https://www.linkedin.com/feed/update/urn:li:activity:6843508012108398592,2021-09-22 03:51:28
https://www.linkedin.com/feed/update/urn:li:activity:6845382328634638336,2021-09-22 03:49:37
https://www.linkedin.com/feed/update/urn:li:activity:6846243468637941760,2021-09-22 03:18:24
https://www.linkedin.com/feed/update/urn:li:activity:6846103664432689152,2021-09-22 02:00:54
https://www.linkedin.com/feed/update/urn:li:activity:6846072986915651584,2021-09-22 02:00:02
https://www.linkedin.com/feed/update/urn:li:activity:6846068318189756416,2021-09-22 01:50:55
https://www.linkedin.com/feed/update/urn:li:activity:6846113389907914753,2021-09-22 01:49:07
https://www.linkedin.com/feed/update/urn:li:activity:6846082486162776064,2021-09-22 01:46:47
https://www.linkedin.com/feed/update/urn:li:activity:6842328306742784000,2021-09-20 02:51:30
https://www.linkedin.com/feed/update/urn:li:activity:6841566186124267520,2021-09-19 04:31:03
https://www.linkedin.com/feed/update/urn:li:activity:6844976012833509376,2021-09-18 16:35:47
https://www.linkedin.com/feed/update/urn:li:activity:6844595286849941504,2021-09-17 18:13:40
https://www.linkedin.com/feed/update/urn:li:activity:6843509639452073984,2021-09-14 13:09:57
https://www.linkedin.com/feed/update/urn:li:activity:6843186395167752192,2021-09-14 13:09:48
https://www.linkedin.com/feed/update/urn:li:activity:6841699950309588992,2021-09-10 02:02:20
https://www.linkedin.com/feed/update/urn:li:activity:6841770442110459904,2021-09-09 17:53:45
https://www.linkedin.com/feed/update/urn:li:activity:6841186355234557952,2021-09-08 03:01:15
https://www.linkedin.com/feed/update/urn:li:activity:6840640722056613888,2021-09-06 17:28:23
https://www.linkedin.com/feed/update/urn:li:activity:6840219806055104512,2021-09-05 18:04:29
https://www.linkedin.com/feed/update/urn:li:activity:6840235155999789056,2021-09-05 16:48:46
https://www.linkedin.com/feed/update/urn:li:activity:6840276023012151296,2021-09-05 16:46:55
https://www.linkedin.com/feed/update/urn:li:activity:6839472805902389248,2021-09-03 17:47:57
https://www.linkedin.com/feed/update/urn:li:activity:6839443448878264321,2021-09-03 12:20:30
https://www.linkedin.com/feed/update/urn:li:activity:6839384274022539264,2021-09-03 05:22:20
https://www.linkedin.com/feed/update/urn:li:activity:6839111959770660865,2021-09-03 01:56:44
https://www.linkedin.com/feed/update/urn:li:activity:6839111848089018368,2021-09-02 12:20:07
https://www.linkedin.com/feed/update/urn:li:activity:6839141325565173760,2021-09-02 12:18:08
https://www.linkedin.com/feed/update/urn:li:activity:6839112983189237760,2021-09-02 12:13:41
https://www.linkedin.com/feed/update/urn:li:activity:6838409978814992384,2021-09-02 02:41:52
https://www.linkedin.com/feed/update/urn:li:activity:6837723983215964160,2021-08-30 01:46:42
https://www.linkedin.com/feed/update/urn:li:activity:6836633951147302912,2021-08-26 13:54:34
https://www.linkedin.com/feed/update/urn:li:activity:6835915758804049920,2021-08-25 01:38:42
https://www.linkedin.com/feed/update/urn:li:activity:6833726113844346880,2021-08-18 16:35:08
https://www.linkedin.com/feed/update/urn:li:activity:6833610154349617152,2021-08-18 08:57:04
https://www.linkedin.com/feed/update/urn:li:activity:6833386232265936897,2021-08-17 16:30:22
https://www.linkedin.com/feed/update/urn:li:activity:6833256969734901760,2021-08-17 11:52:34
https://www.linkedin.com/feed/update/urn:li:activity:6833010619197739009,2021-08-16 16:52:19
https://www.linkedin.com/feed/update/urn:li:activity:6833032316823179264,2021-08-16 16:46:06
https://www.linkedin.com/feed/update/urn:li:activity:6833036804296450048,2021-08-16 16:44:38
https://www.linkedin.com/feed/update/urn:li:activity:6831275533997879296,2021-08-12 02:45:59
https://www.linkedin.com/feed/update/urn:li:activity:6831198472381841408,2021-08-11 17:56:55
https://www.linkedin.com/feed/update/urn:li:activity:6831204363109826560,2021-08-11 17:51:55
https://www.linkedin.com/feed/update/urn:li:activity:6826762119598419968,2021-08-11 01:58:56
https://www.linkedin.com/feed/update/urn:li:activity:6828612916468699136,2021-08-11 01:56:15
https://www.linkedin.com/feed/update/urn:li:activity:6830366694209273856,2021-08-11 01:54:34
https://www.linkedin.com/feed/update/urn:li:activity:6827955845591113728,2021-08-11 01:46:11
https://www.linkedin.com/feed/update/urn:li:activity:6830400551025569792,2021-08-10 11:55:50
https://www.linkedin.com/feed/update/urn:li:activity:6830477116233068544,2021-08-09 15:25:40
https://www.linkedin.com/feed/update/urn:li:activity:6828620907666386944,2021-08-06 03:50:23
https://www.linkedin.com/feed/update/urn:li:activity:6828891350507900928,2021-08-05 04:15:20
https://www.linkedin.com/feed/update/urn:li:activity:6828546447382847488,2021-08-04 10:19:24
https://www.linkedin.com/feed/update/urn:li:activity:6825638375660281856,2021-07-30 17:55:57
https://www.linkedin.com/feed/update/urn:li:activity:6823564155379961856,2021-07-21 17:28:15
https://www.linkedin.com/feed/update/urn:li:activity:6821315650665951232,2021-07-15 10:04:03
https://www.linkedin.com/feed/update/urn:li:activity:6819154114853781504,2021-07-09 08:30:10
https://www.linkedin.com/feed/update/urn:li:activity:6816822163040030720,2021-07-03 01:18:31
https://www.linkedin.com/feed/update/urn:li:activity:6814387825996390400,2021-06-26 12:14:27
https://www.linkedin.com/feed/update/urn:li:activity:6812133996265271296,2021-06-24 03:39:47
https://www.linkedin.com/feed/update/urn:li:activity:6812263237988556800,2021-06-21 07:35:44
https://www.linkedin.com/feed/update/urn:li:activity:6812201072044625920,2021-06-20 17:00:16
https://www.linkedin.com/feed/update/urn:li:activity:6812155884433666048,2021-06-20 02:20:11
https://www.linkedin.com/feed/update/urn:li:activity:6811883821307445248,2021-06-20 02:19:10
https://www.linkedin.com/feed/update/urn:li:activity:6811648893600833536,2021-06-18 16:13:28
https://www.linkedin.com/feed/update/urn:li:activity:6810311955358867456,2021-06-15 14:52:51
https://www.linkedin.com/feed/update/urn:li:activity:6808874513611177984,2021-06-11 02:00:30
https://www.linkedin.com/feed/update/urn:li:activity:6808819533441241089,2021-06-11 01:52:00
https://www.linkedin.com/feed/update/urn:li:activity:6807899335859277824,2021-06-11 01:51:43
https://www.linkedin.com/feed/update/urn:li:activity:6808423513477693440,2021-06-11 01:50:12
https://www.linkedin.com/feed/update/urn:li:activity:6808447829615411200,2021-06-11 01:40:16
https://www.linkedin.com/feed/update/urn:li:activity:6807282906709540864,2021-06-08 00:21:19
https://www.linkedin.com/feed/update/urn:li:activity:6807645598246830080,2021-06-08 00:21:01
https://www.linkedin.com/feed/update/urn:li:activity:6804859528186880000,2021-06-06 12:12:02
https://www.linkedin.com/feed/update/urn:li:activity:6806411745725358080,2021-06-06 09:05:03
https://www.linkedin.com/feed/update/urn:li:activity:6802589276413530112,2021-06-01 16:52:45
https://www.linkedin.com/feed/update/urn:li:activity:6805449775694012416,2021-06-01 16:48:20
https://www.linkedin.com/feed/update/urn:li:activity:6801884787624734720,2021-06-01 16:47:46
https://www.linkedin.com/feed/update/urn:li:activity:6805417170709958656,2021-06-01 16:46:53
https://www.linkedin.com/feed/update/urn:li:activity:6800857025141116928,2021-06-01 16:46:09
https://www.linkedin.com/feed/update/urn:li:activity:6805458069628317696,2021-06-01 16:42:51
https://www.linkedin.com/feed/update/urn:li:activity:6804392540159139840,2021-05-30 12:12:10
https://www.linkedin.com/feed/update/urn:li:activity:6803918110081474560,2021-05-30 09:29:07
https://www.linkedin.com/feed/update/urn:li:activity:6803710319396044800,2021-05-30 09:26:51
https://www.linkedin.com/feed/update/urn:li:activity:6803675962962800640,2021-05-30 09:20:01
https://www.linkedin.com/feed/update/urn:li:activity:6803691742118998016,2021-05-30 09:17:00
https://www.linkedin.com/feed/update/urn:li:activity:6804669295260508160,2021-05-30 08:25:08
https://www.linkedin.com/feed/update/urn:li:activity:6802943135908548608,2021-05-30 08:21:00
https://www.linkedin.com/feed/update/urn:li:activity:6804026865528004609,2021-05-30 08:13:16
https://www.linkedin.com/feed/update/urn:li:activity:6803020547182735360,2021-05-30 08:13:02
https://www.linkedin.com/feed/update/urn:li:activity:6803661944239857664,2021-05-30 08:11:58
https://www.linkedin.com/feed/update/urn:li:activity:6800074030519984128,2021-05-18 01:40:26
https://www.linkedin.com/feed/update/urn:li:activity:6797389048714444800,2021-05-16 08:32:05
https://www.linkedin.com/feed/update/urn:li:activity:6798656857683578880,2021-05-15 03:52:43
https://www.linkedin.com/feed/update/urn:li:activity:6798836223839367168,2021-05-14 08:00:26
https://www.linkedin.com/feed/update/urn:li:activity:6798459821151571968,2021-05-13 06:53:33
https://www.linkedin.com/feed/update/urn:li:activity:6798265701942484992,2021-05-12 16:21:48
https://www.linkedin.com/feed/update/urn:li:activity:6798141962953355264,2021-05-12 11:51:47
https://www.linkedin.com/feed/update/urn:li:activity:6798136254790721536,2021-05-12 11:49:36
https://www.linkedin.com/feed/update/urn:li:activity:6798068145404960768,2021-05-12 11:47:47
https://www.linkedin.com/feed/update/urn:li:activity:6797514626222452736,2021-05-10 19:26:21
https://www.linkedin.com/feed/update/urn:li:activity:6797458582867640320,2021-05-10 19:25:29
https://www.linkedin.com/feed/update/urn:li:activity:6797116443679977472,2021-05-10 19:20:51
https://www.linkedin.com/feed/update/urn:li:activity:6797279911078830080,2021-05-10 17:16:14
https://www.linkedin.com/feed/update/urn:li:activity:6795650144000974848,2021-05-10 17:14:50
https://www.linkedin.com/feed/update/urn:li:activity:6797531670112276480,2021-05-10 17:05:05
https://www.linkedin.com/feed/update/urn:li:activity:6795946658732621824,2021-05-06 11:31:39
https://www.linkedin.com/feed/update/urn:li:activity:6795604595117830144,2021-05-05 20:22:19
https://www.linkedin.com/feed/update/urn:li:activity:6795635428088127488,2021-05-05 10:40:27
https://www.linkedin.com/feed/update/urn:li:activity:6794845238088347648,2021-05-03 11:11:42
https://www.linkedin.com/feed/update/urn:li:activity:6794628638626197504,2021-05-03 11:11:26
https://www.linkedin.com/feed/update/urn:li:activity:6794924081654321152,2021-05-03 11:09:34
https://www.linkedin.com/feed/update/urn:li:activity:6794500625561464832,2021-05-03 05:17:47
https://www.linkedin.com/feed/update/urn:li:activity:6794822751824830464,2021-05-03 03:41:34
https://www.linkedin.com/feed/update/urn:li:activity:6794218366354755584,2021-05-03 02:48:50
https://www.linkedin.com/feed/update/urn:li:activity:6794284830210170880,2021-05-02 02:08:04
https://www.linkedin.com/feed/update/urn:li:activity:6793571054724907008,2021-04-29 17:37:53
https://www.linkedin.com/feed/update/urn:li:activity:6792858087347757056,2021-04-28 18:06:01
https://www.linkedin.com/feed/update/urn:li:activity:6789082124508127232,2021-04-27 16:00:34
https://www.linkedin.com/feed/update/urn:li:activity:6787989558857396224,2021-04-27 12:59:48
https://www.linkedin.com/feed/update/urn:li:activity:6792377308448665600,2021-04-26 13:39:01
https://www.linkedin.com/feed/update/urn:li:activity:6792075058228670464,2021-04-25 16:34:01
https://www.linkedin.com/feed/update/urn:li:activity:6792006058824081409,2021-04-25 16:25:43
https://www.linkedin.com/feed/update/urn:li:activity:6791638248163708928,2021-04-24 12:24:06
https://www.linkedin.com/feed/update/urn:li:activity:6790603886379053056,2021-04-21 12:53:43
https://www.linkedin.com/feed/update/urn:li:activity:6790503609596567552,2021-04-21 11:27:37
https://www.linkedin.com/feed/update/urn:li:activity:6790526880782151680,2021-04-21 11:06:16
https://www.linkedin.com/feed/update/urn:li:activity:6790146175694700544,2021-04-20 13:27:30
https://www.linkedin.com/feed/update/urn:li:activity:6789942639815884800,2021-04-20 02:14:19
https://www.linkedin.com/feed/update/urn:li:activity:6789521418821398528,2021-04-18 17:04:05
https://www.linkedin.com/feed/update/urn:li:activity:6789517051158441984,2021-04-18 14:33:14
https://www.linkedin.com/feed/update/urn:li:activity:6789371974645903360,2021-04-18 10:14:44
https://www.linkedin.com/feed/update/urn:li:activity:6789098932371820544,2021-04-17 19:48:38
https://www.linkedin.com/feed/update/urn:li:activity:6788382986300649472,2021-04-15 09:25:33
https://www.linkedin.com/feed/update/urn:li:activity:6787643416915398657,2021-04-14 11:36:47
https://www.linkedin.com/feed/update/urn:li:activity:6787638991823933440,2021-04-14 11:36:09
https://www.linkedin.com/feed/update/urn:li:activity:6787995745451601920,2021-04-14 11:34:08
https://www.linkedin.com/feed/update/urn:li:activity:6787437476584669184,2021-04-12 22:17:30
https://www.linkedin.com/feed/update/urn:li:activity:6783753916636123137,2021-04-12 02:52:06
https://www.linkedin.com/feed/update/urn:li:activity:6786973873800925184,2021-04-12 02:47:11
https://www.linkedin.com/feed/update/urn:li:activity:6785583277198704640,2021-04-07 16:05:42
https://www.linkedin.com/feed/update/urn:li:activity:6785077445990133760,2021-04-07 14:55:36
https://www.linkedin.com/feed/update/urn:li:activity:6785158488621412352,2021-04-06 16:44:44
https://www.linkedin.com/feed/update/urn:li:activity:6785095155679657984,2021-04-06 14:14:45
https://www.linkedin.com/feed/update/urn:li:activity:6784870243304050691,2021-04-06 14:13:16
https://www.linkedin.com/feed/update/urn:li:activity:6785135719926132736,2021-04-06 10:38:51
https://www.linkedin.com/feed/update/urn:li:activity:6784282242081550336,2021-04-05 13:57:38
https://www.linkedin.com/feed/update/urn:li:activity:6784765825422241792,2021-04-05 13:54:00
https://www.linkedin.com/feed/update/urn:li:activity:6780730718617239552,2021-04-05 13:52:02
https://www.linkedin.com/feed/update/urn:li:activity:6784415741694349312,2021-04-05 13:51:23
https://www.linkedin.com/feed/update/urn:li:activity:6784832551245770752,2021-04-05 13:51:13
https://www.linkedin.com/feed/update/urn:li:activity:6780156403299573760,2021-03-23 17:13:29
https://www.linkedin.com/feed/update/urn:li:activity:6780043208018722816,2021-03-23 17:12:38
https://www.linkedin.com/feed/update/urn:li:activity:6768136791674372096,2021-03-23 17:12:23
https://www.linkedin.com/feed/update/urn:li:activity:6779872819212894208,2021-03-23 17:04:00
https://www.linkedin.com/feed/update/urn:li:activity:6779273761008025600,2021-03-21 08:24:19
https://www.linkedin.com/feed/update/urn:li:activity:6779061544425730048,2021-03-21 07:24:41
https://www.linkedin.com/feed/update/urn:li:activity:6778208208453550080,2021-03-18 07:20:14
https://www.linkedin.com/feed/update/urn:li:activity:6778058136348581888,2021-03-18 06:41:12
https://www.linkedin.com/feed/update/urn:li:activity:6771423874631512064,2021-03-18 05:09:24
https://www.linkedin.com/feed/update/urn:li:activity:6777223051173068800,2021-03-18 05:01:37
https://www.linkedin.com/feed/update/urn:li:activity:6777819921557536768,2021-03-17 10:01:53
https://www.linkedin.com/feed/update/urn:li:activity:6777800056566378496,2021-03-17 06:24:00
https://www.linkedin.com/feed/update/urn:li:activity:6777244748353744896,2021-03-16 12:52:18
https://www.linkedin.com/feed/update/urn:li:activity:6777531778434506752,2021-03-16 12:48:45
https://www.linkedin.com/feed/update/urn:li:activity:6774369209456570368,2021-03-14 08:58:44
https://www.linkedin.com/feed/update/urn:li:activity:6776112707646169089,2021-03-14 02:27:00
https://www.linkedin.com/feed/update/urn:li:activity:6776485012008255488,2021-03-13 15:44:47
https://www.linkedin.com/feed/update/urn:li:activity:6774961866352537600,2021-03-11 10:55:37
https://www.linkedin.com/feed/update/urn:li:activity:6775372500235890688,2021-03-11 10:53:47
https://www.linkedin.com/feed/update/urn:li:activity:6775727582076915712,2021-03-11 10:51:26
https://www.linkedin.com/feed/update/urn:li:activity:6775463736967876608,2021-03-11 05:09:18
https://www.linkedin.com/feed/update/urn:li:activity:6775406223853539329,2021-03-10 16:10:09
https://www.linkedin.com/feed/update/urn:li:activity:6775004870173958144,2021-03-10 15:31:35
https://www.linkedin.com/feed/update/urn:li:activity:6774383012768432128,2021-03-08 05:50:14
https://www.linkedin.com/feed/update/urn:li:activity:6773460846199865344,2021-03-06 03:36:17
https://www.linkedin.com/feed/update/urn:li:activity:6772702570419949568,2021-03-03 04:34:37
https://www.linkedin.com/feed/update/urn:li:activity:6772363643305631744,2021-03-02 08:27:23
https://www.linkedin.com/feed/update/urn:li:activity:6772216223070511104,2021-03-02 02:59:43
https://www.linkedin.com/feed/update/urn:li:activity:6771710618702508032,2021-03-01 17:32:32
https://www.linkedin.com/feed/update/urn:li:activity:6771012213235818498,2021-02-26 14:32:01
https://www.linkedin.com/feed/update/urn:li:activity:6770937689517694976,2021-02-26 09:37:01
https://www.linkedin.com/feed/update/urn:li:activity:6765563057981784064,2021-02-11 12:33:26
https://www.linkedin.com/feed/update/urn:li:activity:6763149055888642048,2021-02-07 16:35:33
https://www.linkedin.com/feed/update/urn:li:activity:6762296728797499392,2021-02-02 09:48:46
https://www.linkedin.com/feed/update/urn:li:activity:6761872783543672833,2021-02-01 05:14:11
https://www.linkedin.com/feed/update/urn:li:activity:6757754021441789952,2021-02-01 04:07:07
https://www.linkedin.com/feed/update/urn:li:activity:6761643940748812288,2021-02-01 04:05:03
https://www.linkedin.com/feed/update/urn:li:activity:6759367284365549568,2021-01-25 13:04:42
https://www.linkedin.com/feed/update/urn:li:activity:6755441085264269312,2021-01-24 15:54:19
https://www.linkedin.com/feed/update/urn:li:activity:6759116305510621184,2021-01-24 15:53:23
https://www.linkedin.com/feed/update/urn:li:activity:6758624996966309888,2021-01-23 06:34:55
https://www.linkedin.com/feed/update/urn:li:activity:6757987184986476544,2021-01-21 13:30:07
https://www.linkedin.com/feed/update/urn:li:activity:6757899774835458048,2021-01-21 06:22:56
https://www.linkedin.com/feed/update/urn:li:activity:6757153208570781696,2021-01-19 10:17:52
https://www.linkedin.com/feed/update/urn:li:activity:6756993756639105024,2021-01-19 10:17:25
https://www.linkedin.com/feed/update/urn:li:activity:6757238831268950016,2021-01-19 10:15:17
https://www.linkedin.com/feed/update/urn:li:activity:6757234551984140288,2021-01-19 10:15:05
https://www.linkedin.com/feed/update/urn:li:activity:6756850562790248448,2021-01-18 12:50:54
https://www.linkedin.com/feed/update/urn:li:activity:6756870255458553856,2021-01-18 12:49:27
https://www.linkedin.com/feed/update/urn:li:activity:6756840312896921600,2021-01-18 07:53:45
https://www.linkedin.com/feed/update/urn:li:activity:6751887410763702272,2021-01-18 01:56:26
https://www.linkedin.com/feed/update/urn:li:activity:6756419586108727296,2021-01-18 01:42:44
https://www.linkedin.com/feed/update/urn:li:activity:6755897349194833920,2021-01-16 01:54:23
https://www.linkedin.com/feed/update/urn:li:activity:6755097546034565120,2021-01-16 01:49:30
https://www.linkedin.com/feed/update/urn:li:activity:6755398223151542273,2021-01-14 17:07:33
https://www.linkedin.com/feed/update/urn:li:activity:6755467763927523329,2021-01-14 16:59:26
https://www.linkedin.com/feed/update/urn:li:activity:6755134232387026945,2021-01-13 15:10:52
https://www.linkedin.com/feed/update/urn:li:activity:6754756412292788224,2021-01-13 08:29:54
https://www.linkedin.com/feed/update/urn:li:activity:6754998374295982080,2021-01-13 05:56:06
https://www.linkedin.com/feed/update/urn:li:activity:6754766662479826945,2021-01-13 04:28:16
https://www.linkedin.com/feed/update/urn:li:activity:6754317130788950017,2021-01-11 17:39:47
https://www.linkedin.com/feed/update/urn:li:activity:6751169901437718528,2021-01-11 04:28:42
https://www.linkedin.com/feed/update/urn:li:activity:6753304155055624192,2021-01-08 19:06:12
https://www.linkedin.com/feed/update/urn:li:activity:6753301151145426944,2021-01-08 14:00:45
https://www.linkedin.com/feed/update/urn:li:activity:6752588198737788928,2021-01-06 14:34:37
https://www.linkedin.com/feed/update/urn:li:activity:6751169574856609792,2021-01-03 01:54:20
https://www.linkedin.com/feed/update/urn:li:activity:6751168569817620480,2021-01-03 01:49:42
https://www.linkedin.com/feed/update/urn:li:activity:6750141124230291456,2020-12-31 07:12:05
https://www.linkedin.com/feed/update/urn:li:activity:6748406431785000960,2020-12-26 23:22:49
https://www.linkedin.com/feed/update/urn:li:activity:6748594629765160960,2020-12-26 23:22:22
https://www.linkedin.com/feed/update/urn:li:activity:6745204788809601024,2020-12-22 02:40:13
https://www.linkedin.com/feed/update/urn:li:activity:6746736840117653504,2020-12-21 17:42:28
https://www.linkedin.com/feed/update/urn:li:activity:6743742741085253632,2020-12-20 10:54:42
https://www.linkedin.com/feed/update/urn:li:activity:6746306831628410880,2020-12-20 07:27:26
https://www.linkedin.com/feed/update/urn:li:activity:6744943618357895168,2020-12-17 02:22:06
https://www.linkedin.com/feed/update/urn:li:activity:6742459161231134720,2020-12-16 18:21:06
https://www.linkedin.com/feed/update/urn:li:activity:6745025992873562112,2020-12-16 18:20:54
https://www.linkedin.com/feed/update/urn:li:activity:6743819276995608576,2020-12-16 01:40:51
https://www.linkedin.com/feed/update/urn:li:activity:6744615133374496768,2020-12-16 01:37:10
https://www.linkedin.com/feed/update/urn:li:activity:6744088979278241792,2020-12-14 09:35:28
https://www.linkedin.com/feed/update/urn:li:activity:6740899987208716288,2020-12-13 07:08:18
https://www.linkedin.com/feed/update/urn:li:activity:6740179168480247809,2020-12-12 07:31:14
https://www.linkedin.com/feed/update/urn:li:activity:6739900883632570368,2020-12-04 17:21:40
https://www.linkedin.com/feed/update/urn:li:activity:6738486940150112256,2020-12-01 01:36:30
https://www.linkedin.com/feed/update/urn:li:activity:6738784931071299584,2020-11-30 03:31:27
https://www.linkedin.com/feed/update/urn:li:activity:6737365902444105729,2020-11-28 02:41:44
https://www.linkedin.com/feed/update/urn:li:activity:6736642676717961216,2020-11-28 02:33:51
https://www.linkedin.com/feed/update/urn:li:activity:6737756662846902272,2020-11-27 05:07:23
https://www.linkedin.com/feed/update/urn:li:activity:6737741069414490112,2020-11-27 05:06:25
https://www.linkedin.com/feed/update/urn:li:activity:6737659566445621248,2020-11-26 12:34:43
https://www.linkedin.com/feed/update/urn:li:activity:6733273277063561216,2020-11-16 00:53:09
https://www.linkedin.com/feed/update/urn:li:activity:6732850826592817152,2020-11-13 12:41:49
https://www.linkedin.com/feed/update/urn:li:activity:6731623745665998848,2020-11-10 02:51:31
https://www.linkedin.com/feed/update/urn:li:activity:6731478166176706560,2020-11-09 13:41:54
https://www.linkedin.com/feed/update/urn:li:activity:6731424333882789888,2020-11-09 06:46:02
https://www.linkedin.com/feed/update/urn:li:activity:6730809835639730176,2020-11-08 11:09:27
https://www.linkedin.com/feed/update/urn:li:activity:6726087802347487232,2020-11-08 11:07:46
https://www.linkedin.com/feed/update/urn:li:activity:6730835263813242880,2020-11-08 02:42:00
https://www.linkedin.com/feed/update/urn:li:activity:6676129292415586304,2020-11-04 14:08:48
https://www.linkedin.com/feed/update/urn:li:activity:6728732821571076096,2020-11-02 06:29:56
https://www.linkedin.com/feed/update/urn:li:activity:6726218255117144064,2020-10-26 03:22:37
https://www.linkedin.com/feed/update/urn:li:activity:6725556427995258880,2020-10-24 07:53:16
https://www.linkedin.com/feed/update/urn:li:activity:6723523269485568000,2020-10-18 14:35:12
https://www.linkedin.com/feed/update/urn:li:activity:6720602926047399936,2020-10-17 09:48:05
https://www.linkedin.com/feed/update/urn:li:activity:6674677957581262849,2020-09-28 02:06:50
https://www.linkedin.com/feed/update/urn:li:activity:6713372851690315776,2020-09-27 04:55:06
https://www.linkedin.com/feed/update/urn:li:activity:6711189355291115520,2020-09-19 18:40:19
https://www.linkedin.com/feed/update/urn:li:activity:6706942416999596033,2020-09-08 06:34:59
