Date,Link,OptionText
2023-03-29 16:04:05,https://www.linkedin.com/feed/update/urn:li:ugcPost:7044995982702329856,Yes
2023-03-29 16:03:02,https://www.linkedin.com/feed/update/urn:li:ugcPost:7046785196712488960,Hybrid Work üè†üè¢
2023-03-28 08:01:15,https://www.linkedin.com/feed/update/urn:li:ugcPost:7046368537036079104,YES
2023-03-27 14:45:54,https://www.linkedin.com/feed/update/urn:li:ugcPost:7045974649033150464,CountByValue()
2023-03-26 09:11:15,https://www.linkedin.com/feed/update/urn:li:groupPost:25827-7045582290206273536,nic
2023-03-24 06:15:29,https://www.linkedin.com/feed/update/urn:li:ugcPost:7043086564226174976,All of the above
2023-03-24 06:15:18,https://www.linkedin.com/feed/update/urn:li:ugcPost:7044166878289616896,SparkSession
2023-03-24 06:15:11,https://www.linkedin.com/feed/update/urn:li:ugcPost:7044532238004219904,SparkSession
2023-03-24 02:32:17,https://www.linkedin.com/feed/update/urn:li:ugcPost:7044711399809298432,Centralized
2023-03-18 14:40:24,https://www.linkedin.com/feed/update/urn:li:ugcPost:7042371449428353024,No
2023-03-17 05:23:44,https://www.linkedin.com/feed/update/urn:li:ugcPost:7042271304955179008,No need to commute
2023-03-12 06:18:26,https://www.linkedin.com/feed/update/urn:li:ugcPost:7040550667597332480,Yes
2023-03-03 21:09:35,https://www.linkedin.com/feed/update/urn:li:ugcPost:7037461276117065728,27-inch 
2023-03-03 14:42:31,https://www.linkedin.com/feed/update/urn:li:ugcPost:7037382100999618560,Not Null
2023-03-03 03:48:47,https://www.linkedin.com/feed/update/urn:li:ugcPost:7036293404569317377,Log4J
2023-03-03 02:32:38,https://www.linkedin.com/feed/update/urn:li:ugcPost:7035822399862296576,True
2023-02-24 13:01:00,https://www.linkedin.com/feed/update/urn:li:ugcPost:7034826779865362432,Kubectl get pod -A
2023-02-23 17:13:03,https://www.linkedin.com/feed/update/urn:li:ugcPost:7034485141657853952,Scala
2023-02-21 14:20:10,https://www.linkedin.com/feed/update/urn:li:ugcPost:7033742124521074688,Yes
2023-02-21 04:02:45,https://www.linkedin.com/feed/update/urn:li:ugcPost:7033295192707219456,C. reduce 
2023-02-19 10:45:22,https://www.linkedin.com/feed/update/urn:li:groupPost:25827-7032892418995720192,75
2023-02-15 17:51:41,https://www.linkedin.com/feed/update/urn:li:ugcPost:7031657362155319297,All of the mentioned
2023-02-14 04:00:33,https://www.linkedin.com/feed/update/urn:li:ugcPost:7030906901823385600,Hard and limited
2023-02-13 04:33:45,https://www.linkedin.com/feed/update/urn:li:ugcPost:7030751956864274432,Python
2023-02-13 01:55:05,https://www.linkedin.com/feed/update/urn:li:ugcPost:7029776825622904832,Dockerfile
2023-02-09 13:42:44,https://www.linkedin.com/feed/update/urn:li:ugcPost:7029429754613166080,Linkedin
2023-02-08 12:28:44,https://www.linkedin.com/feed/update/urn:li:ugcPost:7028884547970772992,Raise/ Bonus
2023-02-08 05:15:31,https://www.linkedin.com/feed/update/urn:li:ugcPost:7028663047120445440,After 30
2023-02-07 15:09:15,https://www.linkedin.com/feed/update/urn:li:ugcPost:7028595661763723265,All of the above
2023-02-07 15:07:57,https://www.linkedin.com/feed/update/urn:li:ugcPost:7028213917793357824,Instagram
2023-02-07 15:03:42,https://www.linkedin.com/feed/update/urn:li:ugcPost:7027983309469081600,repartition
2023-02-04 13:50:31,https://www.linkedin.com/feed/update/urn:li:ugcPost:7027548590117957633,Hub
2023-02-01 01:21:40,https://www.linkedin.com/feed/update/urn:li:ugcPost:7026277117352943617,3 to 5 
2023-01-29 16:31:06,https://www.linkedin.com/feed/update/urn:li:ugcPost:7025304818650877952,Amazon DevPay
2023-01-29 06:17:06,https://www.linkedin.com/feed/update/urn:li:ugcPost:7023262945094553600,Coffee Chats
2023-01-29 01:03:01,https://www.linkedin.com/feed/update/urn:li:ugcPost:7025237377136623616,Divided
2023-01-27 21:47:51,https://www.linkedin.com/feed/update/urn:li:ugcPost:7024711399188680704,128 MB 
2023-01-27 21:43:23,https://www.linkedin.com/feed/update/urn:li:ugcPost:7024643036643045376,RUN
2023-01-27 08:01:02,https://www.linkedin.com/feed/update/urn:li:ugcPost:7024451236233916416,Read-Only
2023-01-27 07:57:58,https://www.linkedin.com/feed/update/urn:li:ugcPost:7024448404067868672,hdfs.cache.size
2023-01-27 07:25:34,https://www.linkedin.com/feed/update/urn:li:ugcPost:7024576186953457664,"Yes, employees deserve better"
2023-01-25 02:42:46,https://www.linkedin.com/feed/update/urn:li:ugcPost:7023726322291990528,Government
2023-01-20 08:32:35,https://www.linkedin.com/feed/update/urn:li:ugcPost:7022098976954826753,üëâ Canada PR Visa
2023-01-20 05:55:41,https://www.linkedin.com/feed/update/urn:li:ugcPost:7022053398011097088,A
2023-01-17 06:23:33,https://www.linkedin.com/feed/update/urn:li:groupPost:1824590-7020982937156227072,Amazon S3
2023-01-17 00:11:19,https://www.linkedin.com/feed/update/urn:li:ugcPost:7020852549859590145,Can't remember
2023-01-17 00:01:13,https://www.linkedin.com/feed/update/urn:li:ugcPost:7020710051161989121,b) WHERE 
2023-01-15 23:11:49,https://www.linkedin.com/feed/update/urn:li:ugcPost:7020076937603596288,Agree
2023-01-14 15:32:59,https://www.linkedin.com/feed/update/urn:li:groupPost:12220139-7019937752779472896,Regions
2023-01-14 15:31:59,https://www.linkedin.com/feed/update/urn:li:ugcPost:7019986836961828866, a. WHERE  
2023-01-14 15:31:51,https://www.linkedin.com/feed/update/urn:li:ugcPost:7019961654813605889,reduceByKey
2023-01-14 09:28:29,https://www.linkedin.com/feed/update/urn:li:ugcPost:7019617709722148864,dropDuplicates()
2023-01-11 07:49:36,https://www.linkedin.com/feed/update/urn:li:groupPost:1824590-7018832958828490753,2-5 hours
2023-01-10 15:07:00,https://www.linkedin.com/feed/update/urn:li:groupPost:4371519-7018326734076801024,"I use it everyday, total Fan"
2023-01-10 08:57:28,https://www.linkedin.com/feed/update/urn:li:ugcPost:7017474983899660288,Yes
2023-01-07 07:37:23,https://www.linkedin.com/feed/update/urn:li:ugcPost:7017071981485326336,yes
2023-01-06 06:52:32,https://www.linkedin.com/feed/update/urn:li:groupPost:1824590-7016980922973478913,AWS (amazon web service)
2023-01-05 16:45:15,https://www.linkedin.com/feed/update/urn:li:ugcPost:7015896999380054016,Dynamic Programming
2023-01-04 13:28:21,https://www.linkedin.com/feed/update/urn:li:ugcPost:7016327025925746688,Data Engineer
2023-01-04 08:41:35,https://www.linkedin.com/feed/update/urn:li:ugcPost:7016192356026638336,Apache Airflow
2023-01-03 01:45:14,https://www.linkedin.com/feed/update/urn:li:ugcPost:7014540772179922944,Azure + AWS
2022-12-31 03:52:26,https://www.linkedin.com/feed/update/urn:li:ugcPost:7014525969210183681,Sleeping :)
2022-12-27 06:24:20,https://www.linkedin.com/feed/update/urn:li:ugcPost:7012325357966032896,df.take()
2022-12-21 14:27:30,https://www.linkedin.com/feed/update/urn:li:groupPost:1824590-7011275266001920002,Data Engineer
2022-12-18 10:51:36,https://www.linkedin.com/feed/update/urn:li:ugcPost:7009937820412772352,Yes
2022-12-16 22:50:35,https://www.linkedin.com/feed/update/urn:li:ugcPost:7006838147917516800,Work From Home 
2022-12-16 15:15:17,https://www.linkedin.com/feed/update/urn:li:ugcPost:7009496408168787968,Natural Language Processing
2022-12-11 09:10:07,https://www.linkedin.com/feed/update/urn:li:ugcPost:7006575882551078912,Secondary Name Node
2022-12-09 07:27:49,https://www.linkedin.com/feed/update/urn:li:ugcPost:7006834894492352512,Both
2022-12-09 00:57:40,https://www.linkedin.com/feed/update/urn:li:ugcPost:7006480286498603008,Coalesce
2022-12-09 00:57:22,https://www.linkedin.com/feed/update/urn:li:ugcPost:7006575306635415552,master-slave fashion
2022-12-06 01:02:13,https://www.linkedin.com/feed/update/urn:li:ugcPost:7005567558888108032, s3/adls2
2022-12-05 02:25:25,https://www.linkedin.com/feed/update/urn:li:ugcPost:7005039349503320064,Tortoise 
2022-12-03 05:38:22,https://www.linkedin.com/feed/update/urn:li:groupPost:6773411-7004336715884576769,b. Def
2022-12-02 06:20:25,https://www.linkedin.com/feed/update/urn:li:ugcPost:7004309291864068097,Yet another resourcenegotiator
2022-12-02 02:57:14,https://www.linkedin.com/feed/update/urn:li:ugcPost:7004253696276463616,75%
2022-11-28 02:07:13,https://www.linkedin.com/feed/update/urn:li:ugcPost:6998995468202438656,"python, sql"
2022-11-27 16:22:26,https://www.linkedin.com/feed/update/urn:li:groupPost:12057217-7002558460676505600,1 2
2022-11-25 16:30:59,https://www.linkedin.com/feed/update/urn:li:ugcPost:7001923591994769408,Databricks
2022-11-24 08:54:05,https://www.linkedin.com/feed/update/urn:li:ugcPost:7001458504867700736,Inner Join
2022-11-21 02:51:00,https://www.linkedin.com/feed/update/urn:li:ugcPost:6998846032906256384,Python
2022-10-13 01:35:58,https://www.linkedin.com/feed/update/urn:li:ugcPost:6985187498725412865,Yes
2022-10-08 10:37:29,https://www.linkedin.com/feed/update/urn:li:ugcPost:6984444515520565248,No
2022-09-19 14:24:24,https://www.linkedin.com/feed/update/urn:li:ugcPost:6977411050216325121,Strings
2022-09-16 15:52:21,https://www.linkedin.com/feed/update/urn:li:groupPost:25827-6976527733803692033,<class 'dict'>
2022-09-14 15:42:06,https://www.linkedin.com/feed/update/urn:li:groupPost:25827-6975768599030349824,"['s', 'pl', 'it']"
2022-09-11 23:47:40,https://www.linkedin.com/feed/update/urn:li:ugcPost:6974239449136148480,Amazon Redshift
2022-08-24 14:41:12,https://www.linkedin.com/feed/update/urn:li:ugcPost:6967706059201241088,4. Whole DSAü•≤
2022-08-13 08:12:07,https://www.linkedin.com/feed/update/urn:li:ugcPost:6964113908408229888,Pyspark
2022-07-18 13:20:56,https://www.linkedin.com/feed/update/urn:li:groupPost:1824590-6954315333486682112,Python
2022-07-02 02:54:38,https://www.linkedin.com/feed/update/urn:li:groupPost:6773411-6948690893113561088,Data frame 
2022-06-11 06:50:44,https://www.linkedin.com/feed/update/urn:li:ugcPost:6941070822329458688,false
2022-06-10 00:39:42,https://www.linkedin.com/feed/update/urn:li:ugcPost:6938663242021892096,Yes
2022-06-06 08:41:01,https://www.linkedin.com/feed/update/urn:li:groupPost:1824590-6939102513585364992,regex
2022-05-22 05:39:55,https://www.linkedin.com/feed/update/urn:li:groupPost:1824590-6933995204437782529,Programming
2022-05-11 22:03:59,https://www.linkedin.com/feed/update/urn:li:groupPost:1824590-6930236042163724290,lambda function 
2022-05-09 04:39:31,https://www.linkedin.com/feed/update/urn:li:groupPost:12057217-6929275961716662272,all of the mentioned
2022-05-08 13:32:34,https://www.linkedin.com/feed/update/urn:li:groupPost:1824590-6928935460433973248,"[10, 20, 30, 40]"
2022-04-26 05:53:00,https://www.linkedin.com/feed/update/urn:li:groupPost:12057217-6924587750625079297,"[5, 5, '3', '4']"
2022-04-19 04:32:35,https://www.linkedin.com/feed/update/urn:li:groupPost:12057217-6922029427224707072,2 3
2022-04-16 05:06:25,https://www.linkedin.com/feed/update/urn:li:ugcPost:6920959255902658560,Error
2022-04-16 04:34:25,https://www.linkedin.com/feed/update/urn:li:ugcPost:6920949213023391744,error
2022-04-16 03:35:08,https://www.linkedin.com/feed/update/urn:li:ugcPost:6920725757031763968,Yes
2022-04-14 15:43:01,https://www.linkedin.com/feed/update/urn:li:ugcPost:6920280109580967936,4.UNION
2022-04-13 09:27:58,https://www.linkedin.com/feed/update/urn:li:ugcPost:6919885109198254080,Mix of both luck and hard work
2022-04-07 06:34:19,https://www.linkedin.com/feed/update/urn:li:ugcPost:6917709729754488832,DataFrame.repartition(n)
2022-04-07 00:47:28,https://www.linkedin.com/feed/update/urn:li:groupPost:961087-6917477442404196352,Data Analytics
2022-04-06 11:42:57,https://www.linkedin.com/feed/update/urn:li:groupPost:961087-6917352976500088832,NumPy
2022-03-30 07:23:55,https://www.linkedin.com/feed/update/urn:li:ugcPost:6914825665057820672,"[2, 4, 8, 16, 32, 64, 128]"
2022-03-29 10:02:25,https://www.linkedin.com/feed/update/urn:li:groupPost:961087-6914281115167993856,Model is on track
2022-03-25 09:18:09,https://www.linkedin.com/feed/update/urn:li:ugcPost:6913037219779764224,Serverless
2022-03-21 05:11:08,https://www.linkedin.com/feed/update/urn:li:ugcPost:6911529500119887873,Answer honestly 
2022-03-10 17:56:48,https://www.linkedin.com/feed/update/urn:li:ugcPost:6907729408497733633,Traits
2022-03-05 14:46:55,https://www.linkedin.com/feed/update/urn:li:ugcPost:6905883349445959680,Python 
2022-03-02 14:37:35,https://www.linkedin.com/feed/update/urn:li:ugcPost:6904766833971589121,Results
2022-03-01 07:24:43,https://www.linkedin.com/feed/update/urn:li:ugcPost:6904276656589021184,Yes
2022-03-01 03:54:57,https://www.linkedin.com/feed/update/urn:li:ugcPost:6901849000509878272,Medium (100 - 1000 employees)
2022-03-01 03:54:15,https://www.linkedin.com/feed/update/urn:li:ugcPost:6902609152724860928,Data Engineer
2022-02-28 12:03:52,https://www.linkedin.com/feed/update/urn:li:groupPost:25827-6903711188119543808,O(nlogn)
2022-02-27 14:03:55,https://www.linkedin.com/feed/update/urn:li:ugcPost:6903649093022023680,Android
2022-02-25 17:47:53,https://www.linkedin.com/feed/update/urn:li:ugcPost:6902986594899636225,No
2022-02-25 16:04:56,https://www.linkedin.com/feed/update/urn:li:ugcPost:6902999556733173760,It will grow
2022-02-23 07:54:10,https://www.linkedin.com/feed/update/urn:li:ugcPost:6902121253075791872,Canada
2022-02-20 00:23:16,https://www.linkedin.com/feed/update/urn:li:ugcPost:6900072212720943104,20 LPA - 30 LPA 
2022-02-19 17:18:24,https://www.linkedin.com/feed/update/urn:li:ugcPost:6899724013552193536,Work from home
2022-02-19 16:21:27,https://www.linkedin.com/feed/update/urn:li:ugcPost:6900821242891628544,Python
2022-02-19 14:40:33,https://www.linkedin.com/feed/update/urn:li:groupPost:25827-6900734977848528896,it just was interesting.
2022-02-16 16:47:42,https://www.linkedin.com/feed/update/urn:li:ugcPost:6899724036037754882,Yes
2022-02-15 14:02:26,https://www.linkedin.com/feed/update/urn:li:ugcPost:6899312797549694976,Histogram
2022-02-15 04:35:08,https://www.linkedin.com/feed/update/urn:li:ugcPost:6899205833712922624,Yes
2022-02-13 09:43:34,https://www.linkedin.com/feed/update/urn:li:ugcPost:6898554959323820032,AWS
2022-02-11 06:55:20,https://www.linkedin.com/feed/update/urn:li:ugcPost:6897780172553351168,Udemy
2022-02-10 14:28:09,https://www.linkedin.com/feed/update/urn:li:ugcPost:6897539378361827329,Data Engineer
2022-02-09 15:30:54,https://www.linkedin.com/feed/update/urn:li:groupPost:25827-6897171484138426368,"[""C"", ""Java"", ""Rust"", ""C++""]"
2022-02-09 05:50:13,https://www.linkedin.com/feed/update/urn:li:ugcPost:6897028757081743360,Self(I can filter Quality)
2022-02-08 22:55:33,https://www.linkedin.com/feed/update/urn:li:ugcPost:6896740764530135042,AWS Lambda
2022-02-07 04:59:17,https://www.linkedin.com/feed/update/urn:li:ugcPost:6896306556435091456,Hybrid
2022-02-05 04:10:09,https://www.linkedin.com/feed/update/urn:li:ugcPost:6895573039359127553,Yes
2022-02-04 07:22:13,https://www.linkedin.com/feed/update/urn:li:ugcPost:6895222934315646976,Yes
2022-02-03 00:43:15,https://www.linkedin.com/feed/update/urn:li:ugcPost:6894630985355669505,Flask
2022-02-03 00:38:30,https://www.linkedin.com/feed/update/urn:li:ugcPost:6894730507892899840,True
2022-02-02 11:07:13,https://www.linkedin.com/feed/update/urn:li:ugcPost:6894592752793767936,LinkedIn
2022-01-28 07:29:35,https://www.linkedin.com/feed/update/urn:li:ugcPost:6892703040688799744,2 months
2022-01-26 16:10:11,https://www.linkedin.com/feed/update/urn:li:ugcPost:6892111632114540544,DE Interview Questions
2022-01-21 19:32:17,https://www.linkedin.com/feed/update/urn:li:ugcPost:6890310704294162432,Python
2022-01-21 04:40:19,https://www.linkedin.com/feed/update/urn:li:ugcPost:6890030928807489536,ETH
2022-01-21 04:39:32,https://www.linkedin.com/feed/update/urn:li:ugcPost:6889926599051878401,NoSQL & Cloud
2022-01-21 03:08:00,https://www.linkedin.com/feed/update/urn:li:ugcPost:6889536542491205633,very important
2022-01-21 03:07:54,https://www.linkedin.com/feed/update/urn:li:ugcPost:6889800725711335425,Scala
2022-01-19 03:25:56,https://www.linkedin.com/feed/update/urn:li:ugcPost:6889406322022973440,All the above
2022-01-18 09:47:02,https://www.linkedin.com/feed/update/urn:li:groupPost:6773411-6889084591655784448,Def
2022-01-17 14:15:32,https://www.linkedin.com/feed/update/urn:li:ugcPost:6888845350497480705,Learning from seniors
2022-01-14 15:36:09,https://www.linkedin.com/feed/update/urn:li:ugcPost:6887735820694892544,Instagram
2022-01-14 05:08:59,https://www.linkedin.com/feed/update/urn:li:ugcPost:6887578897018314752,1-2 pages
2022-01-13 20:46:07,https://www.linkedin.com/feed/update/urn:li:ugcPost:6887367147782201344,Will drop to ~ Rs. 600-700
2022-01-13 20:43:49,https://www.linkedin.com/feed/update/urn:li:ugcPost:6887328775512686592,"EPF/PPF, NSC, SSY, etc."
2022-01-13 02:29:32,https://www.linkedin.com/feed/update/urn:li:ugcPost:6887009397759848448,4. Other (comment below)
2022-01-13 02:29:17,https://www.linkedin.com/feed/update/urn:li:ugcPost:6887027982477602816,Parquet
2022-01-12 05:41:29,https://www.linkedin.com/feed/update/urn:li:ugcPost:6886756777942122497,üêç Saturn w/ Python + Jupyter
2022-01-12 04:32:54,https://www.linkedin.com/feed/update/urn:li:ugcPost:6886848505776885760,its none of ur business
2022-01-08 04:30:46,https://www.linkedin.com/feed/update/urn:li:ugcPost:6885415204465721344,"Yes, We might need it anytime"
2022-01-07 17:55:29,https://www.linkedin.com/feed/update/urn:li:ugcPost:6885140687524831232,Python
2022-01-07 06:11:41,https://www.linkedin.com/feed/update/urn:li:ugcPost:6884769934098894848,20-30 L.P.A
2022-01-05 18:50:16,https://www.linkedin.com/feed/update/urn:li:ugcPost:6884512750064721920,AWS 
2022-01-05 07:43:47,https://www.linkedin.com/feed/update/urn:li:ugcPost:6884161492803973121,Saturation In Learnings
2022-01-03 14:18:10,https://www.linkedin.com/feed/update/urn:li:ugcPost:6883748596622082049,No
2022-01-03 03:31:24,https://www.linkedin.com/feed/update/urn:li:ugcPost:6883584488161472512,NO
2022-01-03 03:31:09,https://www.linkedin.com/feed/update/urn:li:ugcPost:6883490984169091072,RESIGN
2022-01-01 14:20:11,https://www.linkedin.com/feed/update/urn:li:groupPost:3990648-6883011316529819648,17
2021-12-31 02:28:32,https://www.linkedin.com/feed/update/urn:li:ugcPost:6882352421402640384,Data Engineers üßëüèª‚Äçüíª
2021-12-31 02:28:27,https://www.linkedin.com/feed/update/urn:li:groupPost:3990648-6882397710981316608,R
2021-12-30 17:40:21,https://www.linkedin.com/feed/update/urn:li:ugcPost:6882204093805293568,To follow your passion ü§©
2021-12-30 17:38:52,https://www.linkedin.com/feed/update/urn:li:ugcPost:6882188956620869632,Money
2021-12-30 17:38:17,https://www.linkedin.com/feed/update/urn:li:ugcPost:6882328477387808768,All of the above
2021-12-30 00:41:30,https://www.linkedin.com/feed/update/urn:li:ugcPost:6882117046994247680,the same as
2021-12-29 16:35:00,https://www.linkedin.com/feed/update/urn:li:ugcPost:6881978523406368768,No
2021-12-29 16:34:38,https://www.linkedin.com/feed/update/urn:li:ugcPost:6881908497785618432,Great!
2021-12-29 16:32:27,https://www.linkedin.com/feed/update/urn:li:ugcPost:6881865639238221824,YES
2021-12-26 18:29:40,https://www.linkedin.com/feed/update/urn:li:groupPost:3990648-6880900183929044992,German
2021-12-23 17:42:21,https://www.linkedin.com/feed/update/urn:li:ugcPost:6879811355306692608,4-6 Months
2021-12-23 10:50:45,https://www.linkedin.com/feed/update/urn:li:ugcPost:6879730386700681216,None
2021-12-23 08:06:06,https://www.linkedin.com/feed/update/urn:li:ugcPost:6879682405263912960,Yes 
2021-12-23 00:12:33,https://www.linkedin.com/feed/update/urn:li:ugcPost:6879348411934629888,No
2021-12-21 14:11:38,https://www.linkedin.com/feed/update/urn:li:ugcPost:6879060072861974528,Happy Holidays
2021-12-21 07:33:57,https://www.linkedin.com/feed/update/urn:li:ugcPost:6878945660276748288,Apache Spark
2021-12-21 04:09:53,https://www.linkedin.com/feed/update/urn:li:ugcPost:6878652086439985152,Data Engineer
2021-12-20 15:00:44,https://www.linkedin.com/feed/update/urn:li:ugcPost:6878655027452399616,"Yes, ML is very easy to learn"
2021-12-20 14:58:51,https://www.linkedin.com/feed/update/urn:li:ugcPost:6878666127757721600,Nope and no plans to buy...
2021-12-20 09:23:06,https://www.linkedin.com/feed/update/urn:li:ugcPost:6878574044447412225,‚úÖ  3 Day work week
2021-12-19 00:10:17,https://www.linkedin.com/feed/update/urn:li:ugcPost:6877988973097164800,"rdd.repartition(10, True)"
2021-12-19 00:09:54,https://www.linkedin.com/feed/update/urn:li:groupPost:3990648-6877985874353688576,HR and Manager
2021-12-18 15:56:54,https://www.linkedin.com/feed/update/urn:li:ugcPost:6877977737907249152,Data Engineer
2021-12-18 10:55:52,https://www.linkedin.com/feed/update/urn:li:ugcPost:6877867845464784896,‚úîÔ∏èDSA & Algorthm 
2021-12-18 05:39:47,https://www.linkedin.com/feed/update/urn:li:groupPost:3990648-6877828498577330176,yes
2021-12-18 03:31:39,https://www.linkedin.com/feed/update/urn:li:ugcPost:6877790441333514240,Yes
2021-12-18 00:01:05,https://www.linkedin.com/feed/update/urn:li:ugcPost:6875802917006323712,Indian üáÆüá≥ 
2021-12-18 00:00:48,https://www.linkedin.com/feed/update/urn:li:ugcPost:6877730201422372864,No
2021-12-18 00:00:32,https://www.linkedin.com/feed/update/urn:li:ugcPost:6877746695111884800,YES
2021-12-17 16:36:47,https://www.linkedin.com/feed/update/urn:li:ugcPost:6877612594312552448,AWS
2021-12-17 11:43:04,https://www.linkedin.com/feed/update/urn:li:ugcPost:6877564818400800768,29-32
2021-12-17 11:42:46,https://www.linkedin.com/feed/update/urn:li:ugcPost:6877566110502400000,Full WFH
2021-12-17 10:23:00,https://www.linkedin.com/feed/update/urn:li:ugcPost:6877510928473108480,4
2021-12-17 08:17:12,https://www.linkedin.com/feed/update/urn:li:ugcPost:6877469025044107264,10-20%
2021-12-17 05:58:30,https://www.linkedin.com/feed/update/urn:li:ugcPost:6877417672557109248,WFH
2021-12-17 05:57:22,https://www.linkedin.com/feed/update/urn:li:ugcPost:6877463023242510336,back to wfh life
2021-12-17 03:08:44,https://www.linkedin.com/feed/update/urn:li:ugcPost:6877443858809024512,YES
2021-12-16 12:36:48,https://www.linkedin.com/feed/update/urn:li:ugcPost:6877176715399979008,False (comment some examples) 
2021-12-16 12:35:01,https://www.linkedin.com/feed/update/urn:li:ugcPost:6877124775098019840,Delete
2021-12-16 01:56:37,https://www.linkedin.com/feed/update/urn:li:ugcPost:6876562459814088704,17
2021-12-16 01:55:48,https://www.linkedin.com/feed/update/urn:li:ugcPost:6876903199639527424,Mutual Funds
2021-12-14 23:47:11,https://www.linkedin.com/feed/update/urn:li:ugcPost:6876393370084806656,DataFrame
2021-12-14 15:41:56,https://www.linkedin.com/feed/update/urn:li:ugcPost:6876452230111866880,NLP and DL
2021-12-14 01:36:51,https://www.linkedin.com/feed/update/urn:li:ugcPost:6875770774532308993,Python
2021-12-14 01:35:18,https://www.linkedin.com/feed/update/urn:li:ugcPost:6876056015654260736,It has improved
2021-12-13 23:51:01,https://www.linkedin.com/feed/update/urn:li:ugcPost:6876118435508572161,Yes
2021-12-13 01:39:03,https://www.linkedin.com/feed/update/urn:li:ugcPost:6875738395763732480,"Yes, it is close enough"
2021-12-13 01:38:53,https://www.linkedin.com/feed/update/urn:li:ugcPost:6875786898141450240,Yes 
2021-12-13 01:38:43,https://www.linkedin.com/feed/update/urn:li:ugcPost:6875668032987963392,n_clusters
2021-12-13 01:26:47,https://www.linkedin.com/feed/update/urn:li:ugcPost:6875774365783474176,No
2021-12-12 05:25:14,https://www.linkedin.com/feed/update/urn:li:ugcPost:6874406537712979968,30+ LPA
2021-12-12 05:25:02,https://www.linkedin.com/feed/update/urn:li:ugcPost:6875649281542414336,Depends on my mood
2021-12-11 13:57:31,https://www.linkedin.com/feed/update/urn:li:ugcPost:6875425286427688962,BigData Tools
2021-12-11 12:06:26,https://www.linkedin.com/feed/update/urn:li:ugcPost:6875304218417262592,Money
2021-12-11 12:05:55,https://www.linkedin.com/feed/update/urn:li:ugcPost:6875344164549197824,Job Swtich
2021-12-11 08:33:31,https://www.linkedin.com/feed/update/urn:li:ugcPost:6875351753127288832,Opens next quarter may be
2021-12-11 04:39:45,https://www.linkedin.com/feed/update/urn:li:ugcPost:6875115326774890497,All the above 
2021-12-10 12:47:42,https://www.linkedin.com/feed/update/urn:li:ugcPost:6874538146328051712,Julia
2021-12-10 12:38:47,https://www.linkedin.com/feed/update/urn:li:ugcPost:6875029101909032960,Data Engineer will fly 
2021-12-10 07:26:09,https://www.linkedin.com/feed/update/urn:li:ugcPost:6874604064236212224,Big4 Audit/Accounting company
2021-12-09 01:39:06,https://www.linkedin.com/feed/update/urn:li:ugcPost:6874430139745226752,Yes
2021-12-09 01:39:00,https://www.linkedin.com/feed/update/urn:li:ugcPost:6874401090742349824,Telugu
2021-12-09 01:38:42,https://www.linkedin.com/feed/update/urn:li:ugcPost:6874376729662693377,Yes
2021-12-09 01:38:36,https://www.linkedin.com/feed/update/urn:li:ugcPost:6874401702582206464,Yes
2021-12-08 10:23:33,https://www.linkedin.com/feed/update/urn:li:ugcPost:6874208020197326848,Yes
2021-12-08 09:28:09,https://www.linkedin.com/feed/update/urn:li:ugcPost:6874196334090444801,4
2021-12-08 02:40:25,https://www.linkedin.com/feed/update/urn:li:groupPost:6773411-6873982080162770945,"No, I don't need it"
2021-12-08 01:20:10,https://www.linkedin.com/feed/update/urn:li:ugcPost:6874056497505042433,Yes but a lot automated
2021-12-08 01:18:00,https://www.linkedin.com/feed/update/urn:li:ugcPost:6873958875452862464,LinkedIn üòÅ
2021-12-08 01:17:24,https://www.linkedin.com/feed/update/urn:li:ugcPost:6873984225117388800,numRDD.mapPartitions(it=>{
2021-12-07 00:04:31,https://www.linkedin.com/feed/update/urn:li:ugcPost:6873621951349329921,Python
2021-12-07 00:03:20,https://www.linkedin.com/feed/update/urn:li:ugcPost:6873734399888912385,No 
2021-12-07 00:02:59,https://www.linkedin.com/feed/update/urn:li:ugcPost:6873487037316562944,K-Nearest Neighbor
2021-12-07 00:02:13,https://www.linkedin.com/feed/update/urn:li:ugcPost:6873614468375486464,After 2-3 Years 
2021-12-07 00:01:03,https://www.linkedin.com/feed/update/urn:li:ugcPost:6873481192201629696,Python
2021-12-06 09:24:38,https://www.linkedin.com/feed/update/urn:li:ugcPost:6873485445024489472,Yes
2021-12-06 06:18:36,https://www.linkedin.com/feed/update/urn:li:ugcPost:6873490052777881600,Telangana
2021-12-06 03:48:57,https://www.linkedin.com/feed/update/urn:li:ugcPost:6873456168094703616,c d
2021-12-06 01:41:18,https://www.linkedin.com/feed/update/urn:li:ugcPost:6871772700835135488,20-30 years old
2021-12-05 17:17:39,https://www.linkedin.com/feed/update/urn:li:ugcPost:6873267258525913088,Your interview skills
2021-12-05 17:16:03,https://www.linkedin.com/feed/update/urn:li:ugcPost:6873239592322048000,UPI
2021-12-05 12:31:47,https://www.linkedin.com/feed/update/urn:li:ugcPost:6873083469438697472,No
2021-12-05 12:26:11,https://www.linkedin.com/feed/update/urn:li:ugcPost:6873173012598820864,No
2021-12-04 23:46:51,https://www.linkedin.com/feed/update/urn:li:ugcPost:6872775804447813632,"Yes, after serving for 15 year"
2021-12-04 23:46:07,https://www.linkedin.com/feed/update/urn:li:groupPost:3990648-6872964487578746880,Work from home
2021-12-04 16:44:02,https://www.linkedin.com/feed/update/urn:li:ugcPost:6872477768958005248,A must for good employers
2021-12-04 16:36:09,https://www.linkedin.com/feed/update/urn:li:ugcPost:6872257014345547776,Schemaless
2021-12-04 14:19:13,https://www.linkedin.com/feed/update/urn:li:ugcPost:6872850680915230720,Not live
2021-12-04 10:45:25,https://www.linkedin.com/feed/update/urn:li:ugcPost:6872740341162803200,Skills wala job
2021-12-04 10:44:52,https://www.linkedin.com/feed/update/urn:li:ugcPost:6872814935081058304,YouTube
2021-12-04 08:03:17,https://www.linkedin.com/feed/update/urn:li:ugcPost:6872768002497032192,bell shaped
2021-12-04 04:36:25,https://www.linkedin.com/feed/update/urn:li:ugcPost:6872180356989169664,Yes
2021-12-04 04:31:12,https://www.linkedin.com/feed/update/urn:li:ugcPost:6872071642894385152,Telugu
2021-12-04 04:29:35,https://www.linkedin.com/feed/update/urn:li:ugcPost:6872391902902173697,pandas
2021-12-04 00:01:39,https://www.linkedin.com/feed/update/urn:li:ugcPost:6872119340058079232,Yes
2021-12-04 00:01:25,https://www.linkedin.com/feed/update/urn:li:ugcPost:6872599010591465472,By learning solution first
2021-12-04 00:00:51,https://www.linkedin.com/feed/update/urn:li:ugcPost:6872427671578583040,3 Lacs to 7 Lacs
2021-12-03 14:33:55,https://www.linkedin.com/feed/update/urn:li:ugcPost:6872537089146142720,Jupiter Notebook
2021-12-01 08:15:29,https://www.linkedin.com/feed/update/urn:li:ugcPost:6871652632570793984,Yes
2021-12-01 01:06:02,https://www.linkedin.com/feed/update/urn:li:ugcPost:6871465575982407680,More Interview Exp Videos
2021-11-30 12:44:32,https://www.linkedin.com/feed/update/urn:li:ugcPost:6871376198547623936,Regression
2021-11-30 12:09:50,https://www.linkedin.com/feed/update/urn:li:ugcPost:6871288079102074881,Reliance
2021-11-30 04:12:07,https://www.linkedin.com/feed/update/urn:li:ugcPost:6871287625697890305,b d
2021-11-30 04:11:43,https://www.linkedin.com/feed/update/urn:li:ugcPost:6871294726004346880,Pursue your Hobby
2021-11-30 02:00:20,https://www.linkedin.com/feed/update/urn:li:ugcPost:6871150732423282688,Yes
2021-11-29 13:08:33,https://www.linkedin.com/feed/update/urn:li:ugcPost:6870948796378025984,"Yes, why not!"
2021-11-29 13:06:06,https://www.linkedin.com/feed/update/urn:li:ugcPost:6871050414700199936,Based on placements
2021-11-29 08:08:35,https://www.linkedin.com/feed/update/urn:li:ugcPost:6870964442767609856,Boto3 + AWS Core Services
2021-11-28 11:20:26,https://www.linkedin.com/feed/update/urn:li:ugcPost:6870622615652839424,Part time MBA
2021-11-28 11:11:27,https://www.linkedin.com/feed/update/urn:li:ugcPost:6870581912637886464,Whatsapp
2021-11-28 00:28:55,https://www.linkedin.com/feed/update/urn:li:ugcPost:6870272745473683456,10 Lakhs Followers
2021-11-28 00:19:53,https://www.linkedin.com/feed/update/urn:li:ugcPost:6868471913799393280,Green energy will limit rise
2021-11-27 17:57:04,https://www.linkedin.com/feed/update/urn:li:ugcPost:6870407470611804160,Python
2021-11-27 17:29:26,https://www.linkedin.com/feed/update/urn:li:ugcPost:6870241136896733184,Machine Learning / Automation
2021-11-27 17:28:29,https://www.linkedin.com/feed/update/urn:li:groupPost:3990648-6870389369799364608,Yes
2021-11-27 16:01:37,https://www.linkedin.com/feed/update/urn:li:groupPost:3990648-6870368351902846976,Tree based models like XGboost
2021-11-27 03:11:44,https://www.linkedin.com/feed/update/urn:li:ugcPost:6869935060968067072,Brand Name
2021-11-26 10:45:20,https://www.linkedin.com/feed/update/urn:li:ugcPost:6869896839605444608,Canadaüá®üá¶
2021-11-26 03:42:20,https://www.linkedin.com/feed/update/urn:li:ugcPost:6869819724327469056,YES
2021-11-26 01:52:09,https://www.linkedin.com/feed/update/urn:li:ugcPost:6869626950500044800,Three
2021-11-24 16:36:41,https://www.linkedin.com/feed/update/urn:li:ugcPost:6868886985554042881,AWS Redshift
2021-11-24 16:09:38,https://www.linkedin.com/feed/update/urn:li:ugcPost:6869112942307110912,No
2021-11-24 14:28:15,https://www.linkedin.com/feed/update/urn:li:ugcPost:6869272137186754560,Full Stack Developer
2021-11-24 12:24:39,https://www.linkedin.com/feed/update/urn:li:ugcPost:6869114632716500993,No it should not be Banned
2021-11-24 12:22:01,https://www.linkedin.com/feed/update/urn:li:ugcPost:6869224267318386688,Apply Rules and Regulations
2021-11-24 05:48:25,https://www.linkedin.com/feed/update/urn:li:ugcPost:6869131003894611968,No
2021-11-22 13:27:45,https://www.linkedin.com/feed/update/urn:li:ugcPost:6868412572283015168,Not an Apple user
2021-11-22 09:42:01,https://www.linkedin.com/feed/update/urn:li:ugcPost:6868406955820556288,Yes
2021-11-22 02:45:35,https://www.linkedin.com/feed/update/urn:li:ugcPost:6868206830993199104,"Yes, 100%"
2021-11-21 13:26:41,https://www.linkedin.com/feed/update/urn:li:groupPost:3990648-6868137324916596736,yes
2021-11-21 12:53:33,https://www.linkedin.com/feed/update/urn:li:groupPost:3990648-6868137246835441664,yes
2021-11-20 13:13:10,https://www.linkedin.com/feed/update/urn:li:ugcPost:6867774773175336960,Data Engineering Guide
2021-11-20 08:45:20,https://www.linkedin.com/feed/update/urn:li:ugcPost:6867676271611146240,Learning skills
2021-11-20 08:10:46,https://www.linkedin.com/feed/update/urn:li:ugcPost:6867670073608351744,Ethereum
2021-11-20 06:23:48,https://www.linkedin.com/feed/update/urn:li:ugcPost:6866697465387630593,Canada PR  üá®üá¶
2021-11-20 06:22:07,https://www.linkedin.com/feed/update/urn:li:ugcPost:6867686435953213440, Activity over LinkedIn 
2021-11-18 15:41:55,https://www.linkedin.com/feed/update/urn:li:ugcPost:6867118865306923008,I cleared my first Interview
2021-11-18 13:24:30,https://www.linkedin.com/feed/update/urn:li:ugcPost:6866330039508619264,China üá®üá≥
2021-11-18 13:22:22,https://www.linkedin.com/feed/update/urn:li:ugcPost:6867063575379226624,14 day International vacation 
2021-11-18 05:22:39,https://www.linkedin.com/feed/update/urn:li:groupPost:3990648-6866952920278065152,45 days
2021-11-18 02:43:58,https://www.linkedin.com/feed/update/urn:li:ugcPost:6866305682484854785,Canada
2021-11-17 13:55:01,https://www.linkedin.com/feed/update/urn:li:ugcPost:6866713530024914945,No
2021-11-17 13:54:49,https://www.linkedin.com/feed/update/urn:li:ugcPost:6866720151136415744,Canada üá®üá¶
2021-11-17 13:54:40,https://www.linkedin.com/feed/update/urn:li:groupPost:1807351-6866712795619041280,NLP & NLU
2021-11-17 11:10:27,https://www.linkedin.com/feed/update/urn:li:ugcPost:6865942833317191680,Spending time with family
2021-11-17 10:13:25,https://www.linkedin.com/feed/update/urn:li:groupPost:4488721-6866615717677064192,No
2021-11-17 04:10:02,https://www.linkedin.com/feed/update/urn:li:ugcPost:6866447932892176384,Pandas
2021-11-17 03:53:40,https://www.linkedin.com/feed/update/urn:li:ugcPost:6866454216605491200,AWS is still king
2021-11-16 10:50:19,https://www.linkedin.com/feed/update/urn:li:ugcPost:6865550849381339136,Zoom
2021-11-16 10:32:49,https://www.linkedin.com/feed/update/urn:li:ugcPost:6866006036092919809,50%
2021-11-16 10:31:18,https://www.linkedin.com/feed/update/urn:li:ugcPost:6866251626043244544,60 days
2021-11-14 09:24:32,https://www.linkedin.com/feed/update/urn:li:ugcPost:6865530043355959296,In their minds
2021-11-13 15:43:02,https://www.linkedin.com/feed/update/urn:li:ugcPost:6865275633753227264,Depends on the dataset
2021-11-12 06:47:32,https://www.linkedin.com/feed/update/urn:li:ugcPost:6864811359721336832,PYTHON
2021-11-09 01:34:35,https://www.linkedin.com/feed/update/urn:li:ugcPost:6863578309419126784,Yes
2021-11-08 02:55:03,https://www.linkedin.com/feed/update/urn:li:ugcPost:6863037594624655360,Windows
2021-11-07 13:53:28,https://www.linkedin.com/feed/update/urn:li:ugcPost:6863105096356564992,Intermediate
2021-11-05 06:50:01,https://www.linkedin.com/feed/update/urn:li:ugcPost:6862216105453260800,No
2021-11-04 14:35:37,https://www.linkedin.com/feed/update/urn:li:ugcPost:6862027987731128320,True
2021-11-03 16:57:06,https://www.linkedin.com/feed/update/urn:li:ugcPost:6861541990237057024,Canada
2021-11-03 11:11:04,https://www.linkedin.com/feed/update/urn:li:ugcPost:6861615754333188096,LinkedIn
2021-11-02 14:48:41,https://www.linkedin.com/feed/update/urn:li:ugcPost:6861288888355364864,Pandas
2021-11-02 14:46:40,https://www.linkedin.com/feed/update/urn:li:ugcPost:6861096414873837568, B) Crypto 
2021-11-01 17:18:50,https://www.linkedin.com/feed/update/urn:li:ugcPost:6860974484992618496,Apache Spark
2021-10-31 16:44:28,https://www.linkedin.com/feed/update/urn:li:ugcPost:6860434942053240832,<<>><<
2021-10-27 18:07:50,https://www.linkedin.com/feed/update/urn:li:ugcPost:6859123034985521152,Yes
2021-10-27 07:56:38,https://www.linkedin.com/feed/update/urn:li:ugcPost:6859024049641705473,WITH
2021-10-26 14:01:56,https://www.linkedin.com/feed/update/urn:li:ugcPost:6858746027994865665,Linear Regression
2021-10-26 01:49:53,https://www.linkedin.com/feed/update/urn:li:ugcPost:6858431990597730304,50%
2021-10-22 18:58:35,https://www.linkedin.com/feed/update/urn:li:ugcPost:6857313127252463616,Your Parents 
2021-10-21 04:54:17,https://www.linkedin.com/feed/update/urn:li:ugcPost:6856771843584589824,3-4 yrs
2021-10-21 02:15:23,https://www.linkedin.com/feed/update/urn:li:ugcPost:6856426394537218048,Brave 
2021-10-19 14:49:45,https://www.linkedin.com/feed/update/urn:li:ugcPost:6856202495119671297,Pipeline Design : Batch/Stream
2021-10-15 13:32:50,https://www.linkedin.com/feed/update/urn:li:ugcPost:6854766094352207873,Python
2021-10-13 14:04:54,https://www.linkedin.com/feed/update/urn:li:ugcPost:6854052974629527552,Cloud based: AWS/Azure DevOps
2021-10-13 10:13:32,https://www.linkedin.com/feed/update/urn:li:ugcPost:6853935127949656064,3-day/ 4-day work week
2021-10-12 06:28:18,https://www.linkedin.com/feed/update/urn:li:ugcPost:6853547766367559680,Azure Synapse Analytics
2021-10-10 00:57:49,https://www.linkedin.com/feed/update/urn:li:ugcPost:6852654736064180224,Via recorded video lectures.
2021-10-09 08:59:14,https://www.linkedin.com/feed/update/urn:li:ugcPost:6852494940220489728,Data Engineers
2021-10-08 18:08:28,https://www.linkedin.com/feed/update/urn:li:ugcPost:6852299424790564864,Data Scientists
2021-10-07 07:41:28,https://www.linkedin.com/feed/update/urn:li:ugcPost:6851774847178067968,Bell Shaped
2021-10-06 14:36:37,https://www.linkedin.com/feed/update/urn:li:ugcPost:6851509593022062592,Next year jan 2022
2021-10-06 05:16:55,https://www.linkedin.com/feed/update/urn:li:ugcPost:6851369716938809344,"No, I am Enjoying WFH."
2021-10-01 19:30:40,https://www.linkedin.com/feed/update/urn:li:ugcPost:6849755030443184128,Yes
2021-10-01 14:02:42,https://www.linkedin.com/feed/update/urn:li:ugcPost:6849689421734846464,Others (Many more ways)
2021-10-01 07:32:03,https://www.linkedin.com/feed/update/urn:li:ugcPost:6849600558068772864,No
2021-10-01 07:31:21,https://www.linkedin.com/feed/update/urn:li:ugcPost:6849560906662240256,You Tube 
2021-09-30 16:55:04,https://www.linkedin.com/feed/update/urn:li:ugcPost:6849354706448347136,AWS DynamoDB
2021-09-27 08:21:31,https://www.linkedin.com/feed/update/urn:li:ugcPost:6848142039339585536,6
2021-09-27 03:01:06,https://www.linkedin.com/feed/update/urn:li:ugcPost:6848085208332300288,Yes
2021-09-26 13:15:11,https://www.linkedin.com/feed/update/urn:li:ugcPost:6847770323190861824,CTC offered
2021-09-25 03:07:10,https://www.linkedin.com/feed/update/urn:li:ugcPost:6847331067318427648,1-2 weeks max
2021-09-25 01:49:31,https://www.linkedin.com/feed/update/urn:li:ugcPost:6847326895747416064,No
2021-09-24 13:21:31,https://www.linkedin.com/feed/update/urn:li:ugcPost:6847149014698352640,Handsome salary
2021-09-22 17:27:50,https://www.linkedin.com/feed/update/urn:li:ugcPost:6846484797972463616,"Washington, D.C."
2021-09-22 09:25:47,https://www.linkedin.com/feed/update/urn:li:ugcPost:6846335125324660736,Parentheses
2021-09-22 09:21:48,https://www.linkedin.com/feed/update/urn:li:ugcPost:6846329157153103872,9:00 - 9:30 AM
2021-09-20 11:02:54,https://www.linkedin.com/feed/update/urn:li:ugcPost:6845663899874803712,AWS
2021-09-19 15:56:24,https://www.linkedin.com/feed/update/urn:li:ugcPost:6845372657974808576,Copy and Paste fake storiesüëé
2021-09-19 06:18:45,https://www.linkedin.com/feed/update/urn:li:ugcPost:6845236305752842240,Customer Satisfaction
2021-09-15 02:47:37,https://www.linkedin.com/feed/update/urn:li:ugcPost:6843542588969095168,AWS
2021-09-14 13:02:50,https://www.linkedin.com/feed/update/urn:li:ugcPost:6843444231676190720,Guido van Rossum
2021-09-13 12:55:23,https://www.linkedin.com/feed/update/urn:li:ugcPost:6842688084644040704,Struggle with Coding/DSA
2021-09-10 13:24:27,https://www.linkedin.com/feed/update/urn:li:ugcPost:6839555459767185409,The value I add
2021-09-09 17:50:35,https://www.linkedin.com/feed/update/urn:li:ugcPost:6841611480815726592,Replace by mean/median/mode
2021-09-09 17:44:37,https://www.linkedin.com/feed/update/urn:li:ugcPost:6841752744479535104,Writing git commands  (bash)
2021-09-09 10:43:37,https://www.linkedin.com/feed/update/urn:li:ugcPost:6841630207233814528,No
2021-09-09 00:48:29,https://www.linkedin.com/feed/update/urn:li:ugcPost:6841426118529163264,Yes
2021-09-07 06:34:25,https://www.linkedin.com/feed/update/urn:li:ugcPost:6840886459134742528,yes
2021-09-06 07:10:23,https://www.linkedin.com/feed/update/urn:li:ugcPost:6840498545485856768,1 - 5 Years
2021-09-05 10:29:44,https://www.linkedin.com/feed/update/urn:li:ugcPost:6840125933224128512,Pacific
2021-09-05 10:29:28,https://www.linkedin.com/feed/update/urn:li:ugcPost:6840194237024268288,Python
2021-09-03 17:41:54,https://www.linkedin.com/feed/update/urn:li:ugcPost:6839193424600567808,Love investing in real estate
2021-09-03 17:37:36,https://www.linkedin.com/feed/update/urn:li:ugcPost:6839509027534245888,"Yes, I do"
2021-09-03 17:14:04,https://www.linkedin.com/feed/update/urn:li:ugcPost:6839527826769670144,3
2021-09-03 10:53:08,https://www.linkedin.com/feed/update/urn:li:ugcPost:6839448416385282048,Python
2021-09-02 07:15:19,https://www.linkedin.com/feed/update/urn:li:ugcPost:6839076737939230720,Indentation
2021-09-02 02:35:00,https://www.linkedin.com/feed/update/urn:li:ugcPost:6839003276659322880,1
2021-09-01 06:59:15,https://www.linkedin.com/feed/update/urn:li:ugcPost:6838684051759603712,Neil Armstrong
2021-09-01 06:59:01,https://www.linkedin.com/feed/update/urn:li:ugcPost:6838702262228021248,Text Summarization
2021-09-01 01:32:37,https://www.linkedin.com/feed/update/urn:li:ugcPost:6838448034464989184,No
2021-08-31 18:39:44,https://www.linkedin.com/feed/update/urn:li:ugcPost:6838476847483908097,Snowflake
2021-08-30 11:20:05,https://www.linkedin.com/feed/update/urn:li:ugcPost:6837991971777241088,Award based learning
2021-08-28 06:50:16,https://www.linkedin.com/feed/update/urn:li:ugcPost:6837262139053420544,TRUE
2021-08-27 05:12:44,https://www.linkedin.com/feed/update/urn:li:ugcPost:6836844773681315840,No
2021-08-27 01:49:05,https://www.linkedin.com/feed/update/urn:li:ugcPost:6836704765360058368,Time series basics
2021-08-26 08:35:05,https://www.linkedin.com/feed/update/urn:li:ugcPost:6836509370822606848,65
2021-08-26 08:22:39,https://www.linkedin.com/feed/update/urn:li:ugcPost:6836508007157891072,1 Month
2021-08-24 09:47:51,https://www.linkedin.com/feed/update/urn:li:ugcPost:6835813361813372928,10
2021-08-21 08:21:53,https://www.linkedin.com/feed/update/urn:li:ugcPost:6834671938871398400,In your 40's
2021-08-19 12:39:07,https://www.linkedin.com/feed/update/urn:li:ugcPost:6834095632869933056,Python
2021-08-17 16:21:51,https://www.linkedin.com/feed/update/urn:li:ugcPost:6833392099128410112,Exercise
2021-08-17 11:03:37,https://www.linkedin.com/feed/update/urn:li:ugcPost:6833312556246007808,All of the above
2021-08-16 11:34:47,https://www.linkedin.com/feed/update/urn:li:ugcPost:6832960630052544512,2
2021-08-16 06:54:27,https://www.linkedin.com/feed/update/urn:li:ugcPost:6832891344524984320,Making your Resume
2021-08-15 02:44:08,https://www.linkedin.com/feed/update/urn:li:ugcPost:6830535711968522240,1/3
2021-08-14 16:18:20,https://www.linkedin.com/feed/update/urn:li:ugcPost:6832294510874230784,Nike
2021-08-14 16:10:29,https://www.linkedin.com/feed/update/urn:li:ugcPost:6832335097329545216,more then 4 years
2021-08-09 10:03:36,https://www.linkedin.com/feed/update/urn:li:ugcPost:6830391185492840448,Hybrid 20/80
2021-08-05 04:15:04,https://www.linkedin.com/feed/update/urn:li:ugcPost:6828891279896776704,True
2021-08-04 10:21:12,https://www.linkedin.com/feed/update/urn:li:ugcPost:6828602013975224320,Money
2021-07-24 17:36:15,https://www.linkedin.com/feed/update/urn:li:ugcPost:6824737120947630080,Data Engineering
2021-07-19 12:14:04,https://www.linkedin.com/feed/update/urn:li:ugcPost:6822857903356080128,Delloite
2021-07-15 02:17:12,https://www.linkedin.com/feed/update/urn:li:ugcPost:6821061049874210816,"Yes, very soon !"
2021-07-15 02:15:33,https://www.linkedin.com/feed/update/urn:li:ugcPost:6819615309188747264,Bengaluru
2021-07-14 07:48:27,https://www.linkedin.com/feed/update/urn:li:ugcPost:6820932121432010752,Data Engineer
2021-07-12 16:45:05,https://www.linkedin.com/feed/update/urn:li:ugcPost:6819598746372988928,Bug
2021-07-12 16:42:45,https://www.linkedin.com/feed/update/urn:li:ugcPost:6820314271596060672,AWS
2021-07-09 08:29:39,https://www.linkedin.com/feed/update/urn:li:ugcPost:6819098669393022976,PySpark
2021-07-08 09:51:56,https://www.linkedin.com/feed/update/urn:li:ugcPost:6818584125285441536,No üëé 
2021-07-08 09:49:02,https://www.linkedin.com/feed/update/urn:li:ugcPost:6817631858705219584,AI/ML/DL
2021-07-06 17:39:32,https://www.linkedin.com/feed/update/urn:li:ugcPost:6818053942203727872,Yes
2021-07-06 00:52:15,https://www.linkedin.com/feed/update/urn:li:ugcPost:6817457249003409408,Data Engineer 
2021-07-03 01:17:52,https://www.linkedin.com/feed/update/urn:li:ugcPost:6816714900489015296,Dictionaries
2021-07-02 16:22:07,https://www.linkedin.com/feed/update/urn:li:ugcPost:6816705720789057536,Python
2021-07-02 00:19:57,https://www.linkedin.com/feed/update/urn:li:ugcPost:6814037395827240960,No: Its an open talent market 
2021-06-26 12:13:56,https://www.linkedin.com/feed/update/urn:li:ugcPost:6814470851568791552,Azure Data Engineering
2021-06-24 17:32:23,https://www.linkedin.com/feed/update/urn:li:ugcPost:6813816051181199360,Dress like a power ranger
2021-06-21 15:29:00,https://www.linkedin.com/feed/update/urn:li:ugcPost:6811629567523086336,50 or more üòè
2021-06-21 07:30:00,https://www.linkedin.com/feed/update/urn:li:ugcPost:6812630108143190017,Chaos Engineering/Load testing
2021-06-20 17:00:55,https://www.linkedin.com/feed/update/urn:li:ugcPost:6812323825787781120,Amazon Web Services (AWS)
2021-06-18 16:11:29,https://www.linkedin.com/feed/update/urn:li:ugcPost:6811365711622090752,3:00 PM to 4:00 PM IST
2021-06-18 16:10:14,https://www.linkedin.com/feed/update/urn:li:ugcPost:6811547052166721536,"Yes, I think so."
2021-06-15 16:05:52,https://www.linkedin.com/feed/update/urn:li:ugcPost:6810474739463712768,Genuine Referals / Job
2021-06-11 23:43:11,https://www.linkedin.com/feed/update/urn:li:ugcPost:6809114158836137984,On Premise to cloud Migration
2021-06-10 16:37:58,https://www.linkedin.com/feed/update/urn:li:ugcPost:6808658590937686016,Old Tax Regime
2021-06-10 00:19:18,https://www.linkedin.com/feed/update/urn:li:ugcPost:6808280821854728192,Yes
2021-06-01 16:42:02,https://www.linkedin.com/feed/update/urn:li:ugcPost:6805481774160990208,"Yes, my email is on my contact"
2021-06-01 08:27:54,https://www.linkedin.com/feed/update/urn:li:ugcPost:6805105560028033025,AWS 
2021-05-29 16:52:04,https://www.linkedin.com/feed/update/urn:li:ugcPost:6804425895722414080,Data Science
2021-05-28 10:37:49,https://www.linkedin.com/feed/update/urn:li:ugcPost:6803901737234116608,2. Pandas
2021-05-23 18:26:14,https://www.linkedin.com/feed/update/urn:li:ugcPost:6801773308527304704,Other
2021-05-23 02:35:42,https://www.linkedin.com/feed/update/urn:li:ugcPost:6801739626508804096,No ‚ùå
2021-05-16 08:11:02,https://www.linkedin.com/feed/update/urn:li:ugcPost:6799534511139954688,HR not responding
2021-05-15 15:11:21,https://www.linkedin.com/feed/update/urn:li:ugcPost:6799299334581096448,Yes
2021-05-15 08:11:04,https://www.linkedin.com/feed/update/urn:li:ugcPost:6799165928387944448,"Yes, It will give fair Idea"
2021-05-15 07:30:54,https://www.linkedin.com/feed/update/urn:li:ugcPost:6799224771331575808,Blockchain tech + applications
2021-05-12 11:38:54,https://www.linkedin.com/feed/update/urn:li:ugcPost:6798179595540541441,Yes
2021-05-11 16:00:01,https://www.linkedin.com/feed/update/urn:li:ugcPost:6797871130368716800,Yes
2021-05-10 19:14:55,https://www.linkedin.com/feed/update/urn:li:ugcPost:6797489929074040832,Should I submit PDF or MS Word
2021-05-10 17:04:18,https://www.linkedin.com/feed/update/urn:li:ugcPost:6797498588344803328,Applying on a job board
2021-05-10 00:57:05,https://www.linkedin.com/feed/update/urn:li:ugcPost:6796432120542748672,Arvind Kejriwal
2021-05-06 02:05:18,https://www.linkedin.com/feed/update/urn:li:ugcPost:6795766150027329536,No
2021-05-05 16:02:18,https://www.linkedin.com/feed/update/urn:li:ugcPost:6795606458760343552,Python
2021-05-05 10:38:04,https://www.linkedin.com/feed/update/urn:li:ugcPost:6795614988410195968,Yes
2021-05-04 11:25:10,https://www.linkedin.com/feed/update/urn:li:ugcPost:6795225276482641920,Linkedin Mastery for DS
2021-05-03 14:15:59,https://www.linkedin.com/feed/update/urn:li:ugcPost:6794961521819623424,2. Python
2021-05-01 04:01:48,https://www.linkedin.com/feed/update/urn:li:ugcPost:6793958213378297856,3-4 days 
2021-04-26 12:38:26,https://www.linkedin.com/feed/update/urn:li:ugcPost:6792421505574682625,Yes
2021-04-25 12:47:18,https://www.linkedin.com/feed/update/urn:li:ugcPost:6791930012086923264,"Yes, it‚Äôs me!"
2021-04-25 01:36:14,https://www.linkedin.com/feed/update/urn:li:ugcPost:6791270340610838528,30 days
2021-04-21 18:23:43,https://www.linkedin.com/feed/update/urn:li:ugcPost:6790629560850415617,Elon Musk
2021-04-20 13:25:38,https://www.linkedin.com/feed/update/urn:li:ugcPost:6790239949170982912,Becoming Your Own Boss
2021-04-19 11:38:30,https://www.linkedin.com/feed/update/urn:li:ugcPost:6789439875998384128,Zoom
2021-04-19 06:06:49,https://www.linkedin.com/feed/update/urn:li:ugcPost:6789778757105332224,United Arab Emirates
2021-04-19 06:05:10,https://www.linkedin.com/feed/update/urn:li:ugcPost:6789736053134761984,English
2021-04-18 01:22:58,https://www.linkedin.com/feed/update/urn:li:groupPost:7403611-6789139686444068864,AWS Cloud
2021-04-17 04:15:40,https://www.linkedin.com/feed/update/urn:li:ugcPost:6789020227112964096,ETL & Data Migration
2021-04-16 02:41:25,https://www.linkedin.com/feed/update/urn:li:ugcPost:6784563086163636224,üåé Other
2021-04-14 19:20:52,https://www.linkedin.com/feed/update/urn:li:ugcPost:6788129676226306048,"Shorter, 3 -4 lines."
2021-04-14 16:23:58,https://www.linkedin.com/feed/update/urn:li:ugcPost:6788123368676757504,Only if it's free 
2021-04-13 04:46:43,https://www.linkedin.com/feed/update/urn:li:ugcPost:6787586837897719808,Informatica
2021-04-09 13:46:28,https://www.linkedin.com/feed/update/urn:li:ugcPost:6786271115762270209,Jeff Bezos
2021-04-07 18:03:49,https://www.linkedin.com/feed/update/urn:li:ugcPost:6785600735418597376,Microsoft SQL Server
2021-04-07 16:05:30,https://www.linkedin.com/feed/update/urn:li:ugcPost:6785571819488464896,40k
2021-04-07 07:38:47,https://www.linkedin.com/feed/update/urn:li:ugcPost:6785394026280452096,c. SELECT count (*) FROM table
2021-04-02 07:49:25,https://www.linkedin.com/feed/update/urn:li:ugcPost:6783651822759481344,groupByKey()
2021-04-01 07:04:57,https://www.linkedin.com/feed/update/urn:li:ugcPost:6783095980146352128,IntelliJ
2021-03-31 16:20:31,https://www.linkedin.com/feed/update/urn:li:ugcPost:6783023513264508928,Amazon (AWS)
2021-03-27 16:26:09,https://www.linkedin.com/feed/update/urn:li:ugcPost:6780881583554514945,NLP end to end project
2021-03-25 07:09:18,https://www.linkedin.com/feed/update/urn:li:ugcPost:6780431819193012224,Learning
2021-03-21 07:23:54,https://www.linkedin.com/feed/update/urn:li:ugcPost:6779255225808166912,No
2021-03-17 06:24:10,https://www.linkedin.com/feed/update/urn:li:ugcPost:6777800056163696640,Apache Spark (Self Managed)
2021-03-05 00:33:49,https://www.linkedin.com/feed/update/urn:li:ugcPost:6773336845561475072,Finding a job in Canada
2021-03-01 02:13:05,https://www.linkedin.com/feed/update/urn:li:groupPost:1787637-6771571697117200384,AWS - Database & Analytics
2021-02-26 13:44:17,https://www.linkedin.com/feed/update/urn:li:ugcPost:6769022335581253632,Airflow
2021-02-26 09:38:20,https://www.linkedin.com/feed/update/urn:li:ugcPost:6770208282666704896,Python
2021-02-13 10:09:27,https://www.linkedin.com/feed/update/urn:li:ugcPost:6765863754191183872,Yes
2021-02-08 07:12:25,https://www.linkedin.com/feed/update/urn:li:ugcPost:6764385051498172416,?:
2021-02-05 17:15:10,https://www.linkedin.com/feed/update/urn:li:ugcPost:6763480054459621376,10% Watermelon
2021-02-05 10:10:57,https://www.linkedin.com/feed/update/urn:li:ugcPost:6763347698419539968,Something else? Comment below
2021-02-04 07:26:03,https://www.linkedin.com/feed/update/urn:li:ugcPost:6762940083097227264,sequentially
2021-01-30 08:48:02,https://www.linkedin.com/feed/update/urn:li:ugcPost:6761140310287491072,255.255.255.0
2021-01-30 06:12:27,https://www.linkedin.com/feed/update/urn:li:ugcPost:6761157716493824000,Covid-19
2021-01-29 13:05:43,https://www.linkedin.com/feed/update/urn:li:ugcPost:6760904468855971841,Python with Spark
2021-01-21 17:35:44,https://www.linkedin.com/feed/update/urn:li:ugcPost:6758028327568605184,Yes
2021-01-16 16:26:49,https://www.linkedin.com/feed/update/urn:li:ugcPost:6756237750665527297,Agree
2021-01-16 01:53:35,https://www.linkedin.com/feed/update/urn:li:groupPost:2013423-6756022441123958784,"Auzre Data Engineer|DP-200,201"
2021-01-12 01:45:17,https://www.linkedin.com/feed/update/urn:li:ugcPost:6754434357873717248,Skills
2021-01-03 01:47:59,https://www.linkedin.com/feed/update/urn:li:ugcPost:6751221428659519488,Irritated !
2020-12-01 03:13:59,https://www.linkedin.com/feed/update/urn:li:ugcPost:6738020398362890240,Python
2020-11-25 16:44:03,https://www.linkedin.com/feed/update/urn:li:ugcPost:6737345824700850176,"Learn, how to say NO‚ùå"
2020-11-15 11:53:04,https://www.linkedin.com/feed/update/urn:li:ugcPost:6733703987750588416,AWS
2020-11-07 02:32:19,https://www.linkedin.com/feed/update/urn:li:ugcPost:6730569724079480832,Option II followed by Option I
2020-10-27 06:47:42,https://www.linkedin.com/feed/update/urn:li:ugcPost:6726728880327053312,accumulate()
2020-10-25 14:09:43,https://www.linkedin.com/feed/update/urn:li:ugcPost:6726094524248133632,Germany
2020-10-23 17:35:16,https://www.linkedin.com/feed/update/urn:li:ugcPost:6725269604916084736,Class with Virtual function
2020-10-21 06:04:13,https://www.linkedin.com/feed/update/urn:li:ugcPost:6724556853201690624,Priority Queue
2020-10-20 06:25:47,https://www.linkedin.com/feed/update/urn:li:ugcPost:6724186251144028160,O(logn*logn)
2020-10-20 03:41:06,https://www.linkedin.com/feed/update/urn:li:groupPost:7403611-6724039243670331392,Shuffle Hash Join
2020-10-19 07:47:32,https://www.linkedin.com/feed/update/urn:li:ugcPost:6723834559907057664,True
2020-10-18 08:41:11,https://www.linkedin.com/feed/update/urn:li:ugcPost:6723473380999274496,a>>2
2020-10-16 11:39:03,https://www.linkedin.com/feed/update/urn:li:ugcPost:6722752590486011904,Tree
2020-10-15 06:09:58,https://www.linkedin.com/feed/update/urn:li:ugcPost:6722383067618578432,AVL Tree
2020-08-23 18:01:16,https://www.linkedin.com/feed/update/urn:li:ugcPost:6703204799686447104,Small City/Town
