Saved Date,Job Url,Job Title,Company Name
"1/10/23, 7:22 AM",http://www.linkedin.com/jobs/view/3432885290,Data Engineer - AWS,CRISP DATA ANALYTICS PTE. LTD.
"3/16/23, 9:03 AM",http://www.linkedin.com/jobs/view/3508069228,Analytics Engineer,Vodafone
"12/5/22, 8:39 AM",http://www.linkedin.com/jobs/view/3282473619,Senior Engineer - Data,ING Australia
"1/18/23, 11:36 PM",http://www.linkedin.com/jobs/view/3439407069,Senior Data Engineer- Advanced Analytics,Emirates NBD
"11/30/22, 6:52 PM",http://www.linkedin.com/jobs/view/3156908260,"Big Data Engineer (Financial Services) Consultant/Senior Consultant, Technology Consulting",EY
"1/30/23, 4:59 PM",http://www.linkedin.com/jobs/view/3452666539,Data Engineer,Westpac New Zealand
"12/6/22, 4:18 PM",http://www.linkedin.com/jobs/view/3379853688,ETL Engineer,Brillio
"2/8/23, 6:26 AM",http://www.linkedin.com/jobs/view/3469100082,Data Analyst - Python / Cloud / Analytics,Randstad Singapore
"1/19/23, 7:43 PM",http://www.linkedin.com/jobs/view/3400976571,Senior Data Engineer - R01521500,Brillio
"2/14/23, 12:10 AM",http://www.linkedin.com/jobs/view/3390160017,Data Analyst (Data Management and Platform Operations),The Coca-Cola Company
"12/5/22, 7:47 AM",http://www.linkedin.com/jobs/view/3378649229,Data Engineer,Heineken Malaysia Berhad
"10/19/22, 4:27 PM",http://www.linkedin.com/jobs/view/3283306549,Data Engineer,Supernova
"10/19/22, 8:51 AM",http://www.linkedin.com/jobs/view/3321711887,Data Engineer,PwC Singapore
"12/5/22, 8:42 AM",http://www.linkedin.com/jobs/view/3189438300,Data Engineer - Financial Services - Senior Consultant / Manager,EY
"11/26/22, 6:18 AM",http://www.linkedin.com/jobs/view/3309505412,Data Engineer,Keysight Technologies
"12/23/22, 6:02 AM",http://www.linkedin.com/jobs/view/3408397692,Data Migration Engineer,Elliott Moss Consulting
"12/20/22, 2:46 PM",http://www.linkedin.com/jobs/view/3392214681,Data Engineer,CPF Board
"12/5/22, 8:40 AM",http://www.linkedin.com/jobs/view/3166453391,Data Engineer,Xero
"10/19/22, 8:51 AM",http://www.linkedin.com/jobs/view/3321665730,Data Engineer Analyst,Accenture Southeast Asia
"3/21/23, 7:28 AM",http://www.linkedin.com/jobs/view/3519229528,Data Engineer - Hadoop Bigdata Platform,Virtusa
"12/4/22, 7:36 PM",http://www.linkedin.com/jobs/view/3311190840,AWS Cloud Engineer,Cloud Kinetics 
"12/5/22, 8:41 AM",http://www.linkedin.com/jobs/view/3329874665,*Data Engineer - Platform Engineering*,Accenture Australia
"11/29/22, 3:21 PM",http://www.linkedin.com/jobs/view/3086762660,Senior Consultant - Technology Transformation - Technology Consulting,EY
"12/15/22, 7:35 PM",http://www.linkedin.com/jobs/view/2944338746,Cloud Data Engineer,Apple
"11/23/22, 12:49 AM",http://www.linkedin.com/jobs/view/3346539792,Data Engineer - new project + newly created headcount !,Randstad Singapore
"1/26/23, 5:48 AM",http://www.linkedin.com/jobs/view/3433096869,Data Engineer / Architect,Volt - International (An Innova Solutions Company)
"1/10/23, 12:54 AM",http://www.linkedin.com/jobs/view/3415215520,Data Engineer (#22-00143),"Continental Technology Solutions,Inc"
"10/19/22, 8:51 AM",http://www.linkedin.com/jobs/view/3321661775,Data Platform Engineer,Accenture Southeast Asia
"11/30/22, 2:57 PM",http://www.linkedin.com/jobs/view/3361365722,Data Engineer (Hybrid),Citi
"11/26/22, 6:17 AM",http://www.linkedin.com/jobs/view/3293835078,Data Engineer,Frasers Property Limited
"3/21/23, 7:26 AM",http://www.linkedin.com/jobs/view/3533241890,Data Engineer,Manulife
"10/19/22, 4:30 PM",http://www.linkedin.com/jobs/view/3317694819,Assistant Manager Data / Data Engineer,Randstad Singapore
"12/5/22, 8:42 AM",http://www.linkedin.com/jobs/view/3370143184,Cloud Data Engineer | Senior Associate,PwC Australia
"1/10/23, 12:52 AM",http://www.linkedin.com/jobs/view/3413562065,Data Engineer (Based at Tuas),Abbott
"3/16/23, 8:58 AM",http://www.linkedin.com/jobs/view/3525691070,Data Engineer - London,Accenture
"1/26/23, 5:49 AM",http://www.linkedin.com/jobs/view/3395112449,Data Engineer,Hewlett Packard Enterprise
"12/15/22, 7:36 PM",http://www.linkedin.com/jobs/view/3395159955,Data Engineer III - GBS IND,Bank of America
"12/5/22, 7:42 AM",http://www.linkedin.com/jobs/view/3385957213,Data Engineer (Data Engineering),GovTech Singapore
"3/30/23, 8:03 AM",http://www.linkedin.com/jobs/view/3546133955,"AVP/Senior Associate, Data Analyst, Consumer Bank (CBG) Data Chapter",DBS Bank
"12/5/22, 8:43 AM",http://www.linkedin.com/jobs/view/3356848512,Data Engineer,Capgemini
"12/20/22, 2:48 PM",http://www.linkedin.com/jobs/view/3398178550,Data Engineer (ETL & Big Data),Randstad Singapore
"1/10/23, 12:55 AM",http://www.linkedin.com/jobs/view/3397623627,Consultant/Senior Consultant - Data Analyst/Data Engineer (AWS) - SG,Deloitte
"11/24/22, 6:42 AM",http://www.linkedin.com/jobs/view/3324076242,Sr. Solutions Engineer,Databricks
"3/30/23, 3:27 AM",http://www.linkedin.com/jobs/view/3544008888,Data Analytics Engineer ,The Edge Partnership - The Edge in Asia
"11/22/22, 3:20 PM",http://www.linkedin.com/jobs/view/3357583243,Consultant/Senior Consultant - Data Analyst/Data Engineer (AWS) - SG,Deloitte
"2/8/23, 6:26 AM",http://www.linkedin.com/jobs/view/3473564200,Data Analyst - $9k,Randstad Singapore
"11/29/22, 3:18 PM",http://www.linkedin.com/jobs/view/3375507101,Data Engineer,The Coca-Cola Company
"12/5/22, 8:58 AM",http://www.linkedin.com/jobs/view/3361368343,Data Engineer,SPH Media
"11/23/22, 7:29 AM",http://www.linkedin.com/jobs/view/3325029725,Data Engineer (Based at Tuas),Abbott
"3/28/23, 9:03 AM",http://www.linkedin.com/jobs/view/3510996516,Software Engineer III,JPMorgan Chase & Co.
"12/20/22, 3:04 PM",http://www.linkedin.com/jobs/view/3395465166,Data Analyst,Airbus
"12/5/22, 8:45 AM",http://www.linkedin.com/jobs/view/3370141375,Cloud Data Engineer | Manager,PwC Australia
"2/8/23, 4:40 PM",http://www.linkedin.com/jobs/view/3467831404,Data Engineer,Airswift
"11/24/22, 2:30 AM",http://www.linkedin.com/jobs/view/3339325807,Data Engineer,Prudential Assurance Company Singapore
"1/10/23, 12:55 AM",http://www.linkedin.com/jobs/view/3415211978,Data Engineer (#22-00257),"Continental Technology Solutions,Inc"
"11/27/22, 5:55 AM",http://www.linkedin.com/jobs/view/3365980425,Data Engineer (Data Engineering),GovTech Singapore
"1/19/23, 10:01 PM",http://www.linkedin.com/jobs/view/2847852315,"Solutions Advisor , Data Analytics & Engineering",DXC Technology
"12/5/22, 8:52 AM",http://www.linkedin.com/jobs/view/3348722346,Senior Python Engineer - Data Engineering,IMC Trading
"12/5/22, 8:44 AM",http://www.linkedin.com/jobs/view/3340563308,Data Engineer,Fujitsu Australia and New Zealand
"11/22/22, 3:32 PM",http://www.linkedin.com/jobs/view/3289732087,Information Technology - Senior Data Sciences & Analytics Engineer (Machine Learning Track),Singapore Airlines
"11/27/22, 5:53 AM",http://www.linkedin.com/jobs/view/3343590867,Data Engineer | New Projects,ST Engineering
"1/30/23, 1:55 AM",http://www.linkedin.com/jobs/view/3442712676,Machine Learning Engineer | Permanent | Python/Java/Scala,Adecco
"11/26/22, 6:18 AM",http://www.linkedin.com/jobs/view/3365868909,Data Engineer,Signify Technology
"1/10/23, 12:54 AM",http://www.linkedin.com/jobs/view/3415214566,Data Engineer (22-00271),"Continental Technology Solutions,Inc"
"1/10/23, 12:56 AM",http://www.linkedin.com/jobs/view/3416561032,Data Engineer - Changi*,NTT DATA Singapore
"12/5/22, 7:47 AM",http://www.linkedin.com/jobs/view/3369889155,Data Engineer,Accenture Southeast Asia
"3/16/23, 9:02 AM",http://www.linkedin.com/jobs/view/3523748531,Data Engineer - Technical Analyst (#2171),Sky
"3/21/23, 7:26 AM",http://www.linkedin.com/jobs/view/3536428614,Senior Data Engineer- UK Remote,Optum
"12/16/22, 3:18 AM",http://www.linkedin.com/jobs/view/3398668619,Data Center Engineer,Atos
"11/22/22, 9:00 AM",http://www.linkedin.com/jobs/view/2941118292,"Associate Data Engineer, Data & Analytics - Technology Consulting",EY
"2/1/23, 7:52 AM",http://www.linkedin.com/jobs/view/3459207652,Data Engineer,HP
"12/2/22, 9:37 PM",http://www.linkedin.com/jobs/view/3382850263,[Digital] Analytics Engineer / Data Engineer,Pfizer
"12/5/22, 7:46 AM",http://www.linkedin.com/jobs/view/3293295944,Data Engineer - Artificial Intelligence & Data- MY,Deloitte
"12/6/22, 11:14 PM",http://www.linkedin.com/jobs/view/3380115153,Data Engineer,IHiS (Integrated Health Information Systems)
"11/28/22, 6:53 PM",http://www.linkedin.com/jobs/view/3351380161,Senior Data Consultant (AWS),Rackspace Technology
"3/21/23, 7:27 AM",http://www.linkedin.com/jobs/view/3521181155,Data Engineer –Vice President – Sales & Distribution Technology,Morgan Stanley
"3/16/23, 9:03 AM",http://www.linkedin.com/jobs/view/3510084567,Data Ingestion ,Capgemini
"11/26/22, 6:18 AM",http://www.linkedin.com/jobs/view/3367998730,Data Engineer,Prudential Assurance Company Singapore
"10/19/22, 4:28 PM",http://www.linkedin.com/jobs/view/3298112369,"Information Technology - Principal Technologist, Data Engineering & Analytics (Scoot)",Singapore Airlines
"11/27/22, 5:55 AM",http://www.linkedin.com/jobs/view/3355894004,Data Engineer,Robert Walters
"11/24/22, 6:37 AM",http://www.linkedin.com/jobs/view/3361861724,Data Engineer,Prudential Assurance Company Singapore
"12/5/22, 8:43 AM",http://www.linkedin.com/jobs/view/3280199913,Data Engineer - Financial Services,EY
"11/24/22, 2:01 AM",http://www.linkedin.com/jobs/view/3340536067,"Analyst, Finance Transformation",Singtel
"10/19/22, 4:28 PM",http://www.linkedin.com/jobs/view/3262199734,Lead Data Engineer/Consultant,Amdocs
"1/26/23, 5:47 AM",http://www.linkedin.com/jobs/view/3437109539,Data Engineer,minden.ai
"3/14/23, 9:18 PM",http://www.linkedin.com/jobs/view/3519265277,Data Engineer (12 months contract),OCBC Bank
"12/20/22, 2:39 PM",http://www.linkedin.com/jobs/view/3375389027,AWS Cloud Software Engineer,Qualcomm
"12/5/22, 8:41 AM",http://www.linkedin.com/jobs/view/3189437167,Data Engineers - Technology Consulting - Data & Analytics,EY
"3/16/23, 8:58 AM",http://www.linkedin.com/jobs/view/3529367710,Senior Data Engineer,Metro Bank (UK)
"11/23/22, 7:27 AM",http://www.linkedin.com/jobs/view/3368701211,AWS Data Engineer,Cognizant
"3/30/23, 8:04 AM",http://www.linkedin.com/jobs/view/3541542305,Senior Manager - Data Science,American Express
"11/22/22, 12:28 AM",http://www.linkedin.com/jobs/view/3343220103,Data Engineer,Singapore Post Ltd
"12/5/22, 8:45 AM",http://www.linkedin.com/jobs/view/2769475085,AWS Data Engineer,Arq Group
"12/5/22, 8:44 AM",http://www.linkedin.com/jobs/view/3370143183,Cloud Data Engineer | Senior Associate,PwC Australia
"12/18/22, 2:59 AM",http://www.linkedin.com/jobs/view/3398127003,12200273 - Data Engineer (Python/PySpark),Capgemini
"10/19/22, 4:30 PM",http://www.linkedin.com/jobs/view/3313084193,Data Engineer Academy (Perm) - Singapore,Luxoft
"12/5/22, 8:41 AM",http://www.linkedin.com/jobs/view/3370214044,Data Engineer - ANZ Plus,ANZ
"12/5/22, 8:39 AM",http://www.linkedin.com/jobs/view/3239354408,Data Engineer,Fractal
"11/23/22, 7:29 AM",http://www.linkedin.com/jobs/view/3363463194,Data Engineer,IBM
"12/18/22, 2:59 AM",http://www.linkedin.com/jobs/view/3388530596,Data Engineer,MANN+HUMMEL
"11/24/22, 6:41 AM",http://www.linkedin.com/jobs/view/3289726864,Information Technology - Senior Data Sciences & Analytics Engineer (Data Engineering Track),Singapore Airlines
"11/22/22, 5:00 PM",http://www.linkedin.com/jobs/view/3340551521,Cloud Engineer,NCS Group
"1/26/23, 5:45 AM",http://www.linkedin.com/jobs/view/3289731495,Information Technology - Senior Data Sciences & Analytics Engineer (Analytics Engineering Track),Singapore Airlines
"3/16/23, 9:03 AM",http://www.linkedin.com/jobs/view/3510988189,Senior Python  Data Engineer (Airflow),Virtusa
"12/5/22, 8:39 AM",http://www.linkedin.com/jobs/view/3325301821,Data Engineer,ING Australia
"12/5/22, 8:58 AM",http://www.linkedin.com/jobs/view/3363931019,Data Engineer - Global Payments,ByteDance
"1/10/23, 12:50 AM",http://www.linkedin.com/jobs/view/3396860368,Data Engineer 5,Lattice Semiconductor
"12/20/22, 2:54 PM",http://www.linkedin.com/jobs/view/3392564224,"Associate, Data Solutions & Analytics, Private Markets (2 year contract) 14890",GIC
"12/8/22, 5:01 PM",http://www.linkedin.com/jobs/view/3299783678,"Solution Architect, Data & Analytics, Tech Consulting",EY
"1/10/23, 12:55 AM",http://www.linkedin.com/jobs/view/3321716476,Senior Data Engineer,PwC Singapore
"3/16/23, 9:38 AM",http://www.linkedin.com/jobs/view/3497507883,Data & Analytics Engineer,Translucent
"12/5/22, 7:26 AM",http://www.linkedin.com/jobs/view/3383424421,Data Engineer,TransUnion
"12/5/22, 8:44 AM",http://www.linkedin.com/jobs/view/2846032457,BIG DATA ENGINEER - AWS /AZURE,Cognizant
"10/6/22, 7:57 AM",http://www.linkedin.com/jobs/view/3302654807,Data Engineer (RAD Platform),Bayer
"3/16/23, 9:38 AM",http://www.linkedin.com/jobs/view/3502730167,* Data Engineer,Jaguar Land Rover UK
"3/13/23, 8:30 AM",http://www.linkedin.com/jobs/view/3519388772,Data Engineer,Lynx Analytics
"3/16/23, 9:03 AM",http://www.linkedin.com/jobs/view/3509908691,Senior Consultant - Data & AI,Deloitte
"1/30/23, 1:55 AM",http://www.linkedin.com/jobs/view/3436980324,"Data Engineer - Informatica, ETL & Hadoop",Randstad Singapore
"12/5/22, 8:41 AM",http://www.linkedin.com/jobs/view/3046885273,*AWS Data Engineer*,Accenture Australia
"12/15/22, 7:35 PM",http://www.linkedin.com/jobs/view/3402112937,Data Engineer,Electronic Arts (EA)
"11/24/22, 2:28 AM",http://www.linkedin.com/jobs/view/3372816494,Sr. Data Engineer,Visa
"12/16/22, 2:59 PM",http://www.linkedin.com/jobs/view/3402875261,Senior Data Engineer,Shell
"12/5/22, 8:44 AM",http://www.linkedin.com/jobs/view/3283627318,Data Engineer - Cloud,Coles Group
"11/29/22, 3:18 PM",http://www.linkedin.com/jobs/view/3350896178,Data Engineer III,Rackspace Technology
"3/16/23, 9:02 AM",http://www.linkedin.com/jobs/view/3511913134,Big Data Developer,Shell Infotech
"1/27/23, 1:51 PM",http://www.linkedin.com/jobs/view/3408018583,Data Engineer,minden.ai
"11/24/22, 6:33 AM",http://www.linkedin.com/jobs/view/3321665960,Data Engineering,Accenture Southeast Asia
"3/16/23, 9:02 AM",http://www.linkedin.com/jobs/view/3522204897,"P1 - Senior Application Analyst / Developer, ETL / Python REMOTE",Randstad Canada
"12/20/22, 2:50 PM",http://www.linkedin.com/jobs/view/3398393721,Data Analytics Engineer,NVIDIA
"2/24/23, 5:01 AM",http://www.linkedin.com/jobs/view/3495205978,Hiring Big Data Engineer for a Singapore based IT Services firm,Brij HR Sollutions
"1/17/23, 9:05 PM",http://www.linkedin.com/jobs/view/3437859850,Data Engineer,POWER IT SERVICES
"1/10/23, 12:51 AM",http://www.linkedin.com/jobs/view/3422093141,Data Engineer,The Coca-Cola Company
"11/26/22, 4:47 PM",http://www.linkedin.com/jobs/view/3358786677,AWS ETL Cloud Data Engineer (IFRS17),Income
"11/26/22, 6:16 AM",http://www.linkedin.com/jobs/view/3319017626,Senior Data Engineer,Singtel
"3/16/23, 9:38 AM",http://www.linkedin.com/jobs/view/3518404921,Data Engineer,CTS
"11/26/22, 6:18 AM",http://www.linkedin.com/jobs/view/3348563554,Data Engineer,Illumina
"11/25/22, 4:00 PM",http://www.linkedin.com/jobs/view/3367243355,"Data Engineer, Management Insights",KPMG Singapore
"12/5/22, 8:42 AM",http://www.linkedin.com/jobs/view/3189435433,Data Engineers - Technology Consulting - Data & Analytics,EY
"12/5/22, 8:42 AM",http://www.linkedin.com/jobs/view/3046886127,*AWS Data Engineer*,Accenture Australia
"12/20/22, 2:38 PM",http://www.linkedin.com/jobs/view/3357583249,Data Engineer,Thales
"11/22/22, 4:58 PM",http://www.linkedin.com/jobs/view/3353686179,Data Engineer (Big Data),Avanade
"2/14/23, 12:17 AM",http://www.linkedin.com/jobs/view/3467846141,Data Engineer,Lawrence Harvey
"12/5/22, 8:43 AM",http://www.linkedin.com/jobs/view/3189431711,Data Engineers - Technology Consulting - Data & Analytics,EY
"3/18/23, 7:51 AM",http://www.linkedin.com/jobs/view/3514628225,Specialist Data Engineering,Publicis Sapient
"11/28/22, 6:52 PM",http://www.linkedin.com/jobs/view/3321716454,"Deals - Data Analytics, Manager",PwC Singapore
"1/10/23, 12:51 AM",http://www.linkedin.com/jobs/view/3427650245,Data Engineer,BGC Group
"12/8/22, 5:02 PM",http://www.linkedin.com/jobs/view/3371668487,"Cloud Software Engineer, Associate",JPMorgan Chase & Co.
"12/5/22, 8:46 AM",http://www.linkedin.com/jobs/view/2991533478,Cloud Engineer (Data & AI),Accenture Australia
"1/10/23, 12:54 AM",http://www.linkedin.com/jobs/view/3306844584,Data Engineer,Capgemini
"1/10/23, 12:51 AM",http://www.linkedin.com/jobs/view/3404063548,Data Engineer,Thales
"11/27/22, 5:54 AM",http://www.linkedin.com/jobs/view/3371291419,Data Engineer (Big Data) - Azure Data or Snowflake,Randstad Singapore
"12/5/22, 8:43 AM",http://www.linkedin.com/jobs/view/3053605532,*AWS Data Engineer*,Accenture Australia
"3/16/23, 9:01 AM",http://www.linkedin.com/jobs/view/3511275777,Senior Data Engineer,Toyota Connected Europe
"12/5/22, 8:44 AM",http://www.linkedin.com/jobs/view/3274560599,Data Engineer,Infosys
"1/30/23, 1:41 AM",http://www.linkedin.com/jobs/view/3396202536,Consultant -Data Management & Advanced Analytics - SG,Deloitte
"3/13/23, 8:31 AM",http://www.linkedin.com/jobs/view/3525372702,Data Engineer / Architect,Volt - International (An Innova Solutions Company)
"12/5/22, 8:58 AM",http://www.linkedin.com/jobs/view/3375224538,Data Engineer (Based at Tuas),Abbott
"11/22/22, 3:55 PM",http://www.linkedin.com/jobs/view/3259706779,Data Platform Engineer - Data Tech,Grab
"12/5/22, 7:47 AM",http://www.linkedin.com/jobs/view/3151486359,Senior Associate - Data Engineer,PwC Malaysia
"12/19/22, 10:23 PM",http://www.linkedin.com/jobs/view/3407082996,AWS Developer (Python),Luxoft
"2/7/23, 7:58 AM",http://www.linkedin.com/jobs/view/3464555089,Data Engineer SG,Maxeon Solar Technologies
"3/13/23, 8:31 AM",http://www.linkedin.com/jobs/view/3499744938,Data Engineer(Azure),Experis Singapore
"12/31/22, 1:37 AM",http://www.linkedin.com/jobs/view/3410068119,Big Data Engineer / Data Analyst (Azure Data / Informatica),Randstad Singapore
"2/14/23, 12:18 AM",http://www.linkedin.com/jobs/view/3471880045,Data Engineer,EXL
"2/14/23, 12:16 AM",http://www.linkedin.com/jobs/view/3467396624,[Hanoi] Big Data Engineer - Up to 900 triệu VND/năm + Joining Bonus,HCLTech Vietnam 
"11/25/22, 3:57 PM",http://www.linkedin.com/jobs/view/3161736140,Senior Data Engineer,Aon
"12/20/22, 2:49 PM",http://www.linkedin.com/jobs/view/3366297058,Data Engineer,StarHub
"12/5/22, 8:39 AM",http://www.linkedin.com/jobs/view/3370243173,Senior Data Engineer - Spark & PySpark | Data & Analytics,EY
"12/5/22, 8:41 AM",http://www.linkedin.com/jobs/view/3329877424,*Data Engineer - Platform Engineering*,Accenture Australia
"1/10/23, 12:52 AM",http://www.linkedin.com/jobs/view/3401548942,Data Engineer,SPH Media
"12/4/22, 7:37 PM",http://www.linkedin.com/jobs/view/3325039137,"Data Engineer, Data Engineering (Associate Director)","Bank of Singapore, Asia's Global Private Bank"
"1/16/23, 4:16 PM",http://www.linkedin.com/jobs/view/3440478732,Data Engineer,CXC Global
"12/2/22, 9:38 PM",http://www.linkedin.com/jobs/view/3351729379,Data Engineer,The Coca-Cola Company
"3/21/23, 7:26 AM",http://www.linkedin.com/jobs/view/3532205588,Data Engineer - London ,Accenture
"11/29/22, 3:19 PM",http://www.linkedin.com/jobs/view/3372325318,Consultant- Artificial Intelligence & Data- SG,Deloitte
"12/2/22, 9:37 PM",http://www.linkedin.com/jobs/view/3384705819,Data Engineer,Horizon Software Pte Ltd
"10/19/22, 4:30 PM",http://www.linkedin.com/jobs/view/3315819958,Data Engineer,Randstad Singapore
"11/26/22, 4:48 PM",http://www.linkedin.com/jobs/view/3367996929,Data Engineer,Prudential Assurance Company Singapore
"12/8/22, 5:04 PM",http://www.linkedin.com/jobs/view/3373069841,Consultant - Artificial Intelligence & Data - MY,Deloitte
"12/20/22, 2:31 PM",http://www.linkedin.com/jobs/view/3404130980,Sr Data Engineer,ServiceNow
"12/5/22, 7:26 AM",http://www.linkedin.com/jobs/view/3385918274,Data Engineer II A - GBS IND,Bank of America
"11/27/22, 8:19 AM",http://www.linkedin.com/jobs/view/3371293422,Assistant Manager Data / Data Engineer,Randstad Singapore
"11/30/22, 2:51 PM",http://www.linkedin.com/jobs/view/3363233915,Consultant / Snr Consultant (Data Engineer / ETL / BI),NTT DATA Business Solutions Singapore
"3/27/23, 7:50 AM",http://www.linkedin.com/jobs/view/3538138587,"Alation (Senior), Data & Analytics, Technology Consulting",EY
"10/19/22, 8:49 AM",http://www.linkedin.com/jobs/view/3319402117,Data Analytics Engineer,McKinsey & Company
"3/30/23, 3:26 AM",http://www.linkedin.com/jobs/view/3520885635,Data Engineer,Experis Singapore
"1/26/23, 5:51 AM",http://www.linkedin.com/jobs/view/3397620777,Consultant/Senior Consultant - Data Scientist/Data Engineering (Azure/GCC) -SG,Deloitte
"11/17/22, 6:17 AM",http://www.linkedin.com/jobs/view/3345054447,Data Retrieval & Data Engineering Specialist,UBS
"10/19/22, 8:49 AM",http://www.linkedin.com/jobs/view/3319400220,Junior Data Engineer - QuantumBlack,"QuantumBlack, AI by McKinsey"
"1/30/23, 1:42 AM",http://www.linkedin.com/jobs/view/3326705021,"Associate, Data Engineer, Enterprise Data Engineering 14286",GIC
"1/23/23, 4:02 AM",http://www.linkedin.com/jobs/view/3108761416,Lead Big Data Engineer - Up to $10k/Healthcare,Experis Singapore
"12/16/22, 2:59 PM",http://www.linkedin.com/jobs/view/3341172856,MS Engineer,NTT Ltd.
"12/5/22, 8:44 AM",http://www.linkedin.com/jobs/view/3348501580,Data Engineer,Hays
"3/16/23, 8:57 AM",http://www.linkedin.com/jobs/view/3523753308,Big Data Engineer,Sky
"12/2/22, 9:37 PM",http://www.linkedin.com/jobs/view/3351728531,Senior Data Engineer,The Coca-Cola Company
"12/22/22, 7:06 PM",http://www.linkedin.com/jobs/view/3405001139,Data Scientist (Estate Solutions),Azendian Solutions
"12/16/22, 2:59 PM",http://www.linkedin.com/jobs/view/3283473219,"ServiceNow Solution Architect, Digital & Emerging Tech, Technology Consulting",EY
"11/27/22, 5:53 AM",http://www.linkedin.com/jobs/view/3357400087,Data Engineer,Prudential Assurance Company Singapore
"2/1/23, 7:53 AM",http://www.linkedin.com/jobs/view/3419672595,"Data Engineer, Management Insights",KPMG Singapore
"11/26/22, 6:17 AM",http://www.linkedin.com/jobs/view/3334589030,Data Engineer Manager/Senior Manager ,Accenture Southeast Asia
